:02000004FFF803
:69000000FD730204100000FD730A04140000FBE20411F8FFFD68ECFBE280FFFFFFFD68EDFBEA0001FD68E305C97501053A720105B6D50105C16B0105BB6501051E6C0105936B0105046501FBEE000003FD68E06691055F700161011B2E0005B9550105985B0005786601032EFFC1
:FF0069000C0B0A090807073233333373F2F2F2F233333373DEDEDEDE1414141414140A090807080000000C0B0A09080700000B357DF2F20000003581F2F2F2F200000B357DF2F2000000216DDEDEDEDE00001E1C1A18161412100E0C0A0A0908080B0A09080C0B0A090D0C0B0A0D0D0C0B0000000000000000000000000000000000000000000000000000000000000000000000000000000000000000637C777BF26B6FC53001672BFED7AB76CA82C97DFA5947F0ADD4A2AF9CA472C0B7FD9326363FF7CC34A5E5F171D8311504C723C31896059A071280E2EB27B27509832C1A1B6E5AA0523BD6B329E32F8453D100ED20FCB15B6ACBBE394A4C58CFD0EFAAFB434D2F
:FF016800338545F9027F503C9FA851A3408F929D38F5BCB6DA2110FFF3D2CD0C13EC5F974417C4A77E3D645D197360814FDC222A908846EEB814DE5E0BDBE0323A0A4906245CC2D3AC629195E479E7C8376D8DD54EA96C56F4EA657AAE08BA78252E1CA6B4C6E8DD741F4BBD8B8A703EB5664803F60E613557B986C11D9EE1F8981169D98E949B1E87E9CE5528DF8CA1890DBFE6426841992D0FB054BB16C6F8EEF6FFD6DE916002CE56E7B54DEC8F1F89FAEFB28EFB41B35F452353E49B75E13D4C6C7EF5836851D1F9E2AB622A0895469D30370A2F0E241BDFCD4E7FEA121D583436DCB45BA476B77D52DD5E13A6B900C140E379B6D48D67729498B085BBC54FED8679
:FF0267009A66118AE904FEA078254BA25D80053F2170F16377AF4220E5FDBF811826C3BE35882E9355FC7AC8BA32E6C0199EA344543B0B8CC76B28A7BC16ADDB647414920C48B89FBD43C43931D3F2D58B6EDA01B19C49D8ACF3CFCAF447106FF04A5C38577397CBA1E83E96610D0FE07C71CC9006F71CC26AAE6917993A27D9EB2B22D2A907332D3C15C987AA50A50359091A65D784D082295A1E7BA86D2CA584998D0DBDB1545003A97D1962E69A459D408715EBC90BEC67FDEABFF7965BC21CAE6A5A41024F5CF434089373533F0C52655E28A10FB509369B3D2669CD9F1B9E742E2DB2EEFBF64D61CE7B3E7197F568002C601FC8EDBE46D94BDED4E84A6B2AE516A2
:FF036600C5D75594CF100681F044BAE3F3FEC08AADBC4804DFC17563301A0E6D4C14352FE1A2CC3957F28247ACE72B95A098D17F667EAB83CA29D33C79E21D763B564E1EDB0A6CE45D6EEFA6A8A4378B324359B78C64D2E0B4FA0725AF8EE918D5886F7224F1C751237C9C21DDDC86859042C4AAD8050112A35FF9D0915827B93813B333BB7089A7B622922049FF787A8FF88017DA31C6B8C3B07711CBFCD63A01000000060172202B2D23302C3B3A5F002A2C3B3A5F0020202020202020202060606060602020202020202020202020202020202020204810101010101010101010101010101084848484848484848484101010101010108181818181810101010101F3
:FF0465000101010101010101010101010101011010101010108282828282820202020202020202020202020202020202020202101010102000000000000000000000000000000000000000000000000000000000000000000000000000000000000000000000000000000000000000000000000000000000000000000000000000000000000000000000000000000000000000000000000000000000000000000000000000000000000000000000000000000000000000002020202020202020202020202020202020202020202020202020202020202020003030303030303030303030303030303030303030303030303030303030303030002A2A2A2A2A2A2A2A2A1B
:FF0564002A2A2A2A2A2A2A2A2A2A2A2A2A2A2A2A2A2A2A2A2A2A2A002B2B2B2B2B2B2B2B2B2B2B2B2B2B2B2B2B2B2B2B2B2B2B2B2B2B2B2B2B2B2B2B002D2D2D2D2D2D2D2D2D2D2D2D2D2D2D2D2D2D2D2D2D2D2D2D2D2D2D2D2D2D2D2D00303132333435363738396162636465664142434445460064696F75785870000A00080A10101030313233343536373839616263646566003031323334353637383941424344454600303132333435363738396162636465664142434445460000303132333435363738396162636465666768696A6B6C6D6E6F707172737475767778797A0000004129211C19171615141312121111111010100F0F0F0F0E0E0E0E0E0E0E0D1C
:320663000D0D0D0D0D3031323334353637383961626364656641424344454600000102030405060708090A0B0C0D0E0F0A0B0C0D0E0F6A
:FF069600000000001F003B005A0078009700B500D400F300110130014E01000000001F003C005B0079009800B600D500F400120131014F01010002000400080064007700000000000000800080008000800080008000800080008000C004C000C000C000C0008000800080008000800080008000800080008000800080008000800080008000800080000400080008000800080008000800080008000800080008000800080008000800210021002100210021002100210021002100210008000800080008000800080008000300030003000300030003000200020002000200020002000200020002000200020002000200020002000200020002000200020008000843
:FF079500000800080008000800110011001100110011001100100010001000100010001000100010001000100010001000100010001000100010001000100010000800080008000800800000000000000000000000000000000000000000000000000000000000000000000000000000000000000000000000000000000000000000000000000000000000000000000000000000000000000000000000000000000000000000000000000000000000000000000000000000000000000000000000000000000000000000000000000000000000000000000000000000000000000000000000000000000000000000000000000000000000000000000000000000000000FF
:FF089400000000000000000000000000000000000000000000000000000000000000000000000000000000000000000000000000000000000000000000000000000000000000000000000000FFFF00000100020003000400050006000700080009000A000B000C000D000E000F0010001100120013001400150016001700180019001A001B001C001D001E001F0020002100220023002400250026002700280029002A002B002C002D002E002F0030003100320033003400350036003700380039003A003B003C003D003E003F0040006100620063006400650066006700680069006A006B006C006D006E006F0070007100720073007400750076007700780079007A28
:FF099300005B005C005D005E005F0060006100620063006400650066006700680069006A006B006C006D006E006F0070007100720073007400750076007700780079007A007B007C007D007E007F0080008100820083008400850086008700880089008A008B008C008D008E008F0090009100920093009400950096009700980099009A009B009C009D009E009F00A000A100A200A300A400A500A600A700A800A900AA00AB00AC00AD00AE00AF00B000B100B200B300B400B500B600B700B800B900BA00BB00BC00BD00BE00BF00C000C100C200C300C400C500C600C700C800C900CA00CB00CC00CD00CE00CF00D000D100D200D300D400D500D600D700D800D900FF
:4C0A9200DA00DB00DC00DD00DE00DF00E000E100E200E300E400E500E600E700E800E900EA00EB00EC00ED00EE00EF00F000F100F200F300F400F500F600F700F800F900FA00FB00FC00FD00FE00FF00FD
:FF0AE000080000000900000071FFF8FFFCFFF8FF2D00F9FF7C00F9FF8E00F9FF1301F9FF2D01F9FF4304F9FF0307F9FFE408F9FF7709F9FF130AF9FF420AF9FF5B0AF9FF910BF9FFC80BF9FF1E0CF9FF3C0CF9FF550CF9FF750CF9FF8D0CF9FFD70CF9FF350DF9FF690DF9FFAF0EF9FFE30AF9FF6D0BF9FFC01200001F000000A816000017000000841C00000F000000E42500001E000000B42D000016000000083900000E0000002C4C00001D000000685B000015000000747200000D000000589800001C00000034B7000014000000E8E400000C000000783101001B000000686E01001300000034CA01000B000000286202001A00000040DB0200120000003C9303D3
:FF0BDF00000A000000C0C204001900000060B3050011000000382007000900000020A107000000000004000000050000000600000080E7FFFF0000000000000000E09304000F003C00000000006900F8FF9606F8FFE00AF8FFE819F8FF081AF8FFE819F8FF02800800088008000800000020000000800000000002000000000000F69DF9FF0100000000000000020000000000000003000000000000000400000000000000050000000000000006000000000000000700000000000000080000000000000009000000000000000A00000000000000000000000000000001000000F9ABF9FF02000000049EF9FF0300000000000000040000000000000005000000000037
:FF0CDE00000006000000000000000700000000000000080000000000000009000000000000000A000000000000000000000000000000010000000000000002000000049EF9FF0300000000000000040000007FA5F9FF0500000000000000060000007FA5F9FF0700000000000000080000000000000009000000000000000A00000000000000000000000000000001000000000000000200000000000000030000007A9FF9FF04000000000000000500000000000000060000000000000007000000000000000800000000A9F9FF0900000040ABF9FF0A00000030ABF9FF000000000000000001000000000000000200000000000000030000000000000004000000B28B
:FF0DDD00A3F9FF0500000000000000060000000000000007000000000000000800000000A9F9FF0900000040ABF9FF0A00000030ABF9FF00000000000000000100000000000000020000000000000003000000000000000400000000000000050000000000000006000000B2A3F9FF07000000000000000800000000A9F9FF0900000040ABF9FF0A00000030ABF9FF0000000000000000010000000000000002000000000000000300000000000000040000000000000005000000ACA6F9FF060000000000000007000000000000000800000000A9F9FF0900000040ABF9FF0A00000030ABF9FF000000000000000001000000000000000200000000000000030000003F
:FF0EDC00000000000400000000000000050000000000000006000000CBA7F9FF07000000000000000800000000A9F9FF0900000040ABF9FF0A00000030ABF9FF0000000000000000010000000000000002000000000000000300000000000000040000000000000005000000000000000600000000000000070000006FA8F9FF08000000000000000900000040ABF9FF0A00000030ABF9FF000000000000000000000000000000000000000000000000000000000000000000000000000000000000000000000000000000000000000000000000000000000000000000000000000000000000000000000000000000000000000000000000000000000000000000000029
:ED0FDB0000000000000000000000000000000000000000000000000000000000000000000000000000000000000000000000000000000000000000000000000000000000000000000014000000000000FF000000000000000000000000000000000000000000000000000000000000000000000000000000000000000000000000000000000000000000000000000000000000000001000000020000000400000008000000100000000000000000000000010000000200000004000000000020410000C84200401C4620BCBE4CCA1B0E5AAEC59D7400040000000020410000C84200401C4620BCBE4CCA1B0E5AAEC59D7464
:2410C8000415F8FFC418F8FF6C8F0000E019F8FFE819F8FF346F0000C418F8FFE019F8FFCB5D0000B0
:1810EC003C6F00006C8F0000E85E0000346F000004140000CB5D00001D
:FF1104004670F9FF4670F9FF4670F9FF4670F9FF4670F9FF4670F9FF4670F9FF4670F9FF4670F9FF4670F9FF4670F9FF4670F9FF4670F9FF4670F9FF4670F9FF4670F9FF5D70F9FF4670F9FF4670F9FF4670F9FF4670F9FF4670F9FF4670F9FF4670F9FF4670F9FF4670F9FF4670F9FFAD28F8FFBF37F8FF047EF9FF4670F9FF4670F9FF4670F9FF4670F9FF4670F9FF4670F9FF4670F9FF4670F9FF4670F9FF4670F9FF4670F9FF4670F9FF4670F9FF4670F9FFF3D0F9FF76CEF9FF23CFF9FFD7D1F9FF4670F9FF4670F9FF4670F9FF4670F9FF4670F9FF4670F9FF4670F9FF4670F9FF4670F9FF4670F9FF4670F9FF4670F9FF4670F9FF4670F9FF4670F9FF4670F962
:FF120300FF4670F9FFC857F9FF4670F9FF4670F9FF4670F9FF4670F9FF4670F9FFD657F9FF4670F9FF4670F9FF4670F9FF4670F9FF4670F9FF4670F9FF4670F9FF4670F9FF4670F9FF4670F9FF4670F9FF4670F9FF4670F9FF4670F9FF4670F9FF4670F9FF4670F9FF4670F9FF4670F9FF4670F9FF4670F9FF4670F9FF4670F9FF4670F9FF4670F9FF4670F9FF4670F9FF4670F9FF4670F9FF4670F9FF4670F9FF4670F9FF4670F9FF4670F9FF4670F9FF4670F9FF4670F9FF4670F9FF4670F9FF4670F9FF4670F9FF4670F9FF4670F9FF4670F9FF4670F9FF4670F9FF4670F9FF4670F9FF4670F9FF4670F9FF4670F9FF4670F9FF4670F9FF4670F9FF4670F9FF467085
:FF130200F9FF4670F9FF4670F9FF4670F9FF4670F9FF4670F9FF4670F9FF4670F9FF4670F9FF4670F9FF4670F9FF4670F9FF4670F9FF4670F9FF4670F9FF4670F9FF4670F9FF4670F9FF4670F9FF4670F9FF4670F9FF4670F9FF4670F9FF4670F9FF4670F9FF4670F9FF4670F9FF4670F9FF4670F9FF4670F9FF4670F9FF4670F9FF4670F9FF4670F9FF4670F9FF4670F9FF4670F9FF4670F9FF4670F9FF4670F9FF4670F9FF4670F9FF4670F9FF4670F9FF4670F9FF4670F9FF4670F9FF4670F9FF4670F9FF4670F9FF4670F9FF4670F9FF4670F9FF4670F9FF4670F9FF4670F9FF4670F9FF4670F9FF4670F9FF4670F9FF4670F9FF4670F9FF4670F9FF4670F9FF46DC
:FF14010070F9FF4670F9FF4670F9FF4670F9FF4670F9FF4670F9FF4670F9FF4670F9FF4670F9FF4670F9FF4670F9FF4670F9FF4670F9FF4670F9FF4670F9FF4670F9FF4670F9FF4670F9FF4670F9FF4670F9FF4670F9FF4670F9FF4670F9FF4670F9FF4670F9FF4670F9FF4670F9FF6561F9FFF660F9FF7C60F9FFC860F9FF7B64F9FF0C64F9FF9263F9FFDE63F9FF4670F9FF4670F9FF4670F9FF4670F9FF4670F9FF4670F9FF4670F9FF4670F9FF4670F9FF4670F9FF4670F9FF4670F9FF4670F9FF4670F9FF4670F9FF4670F9FF4670F9FF4670F9FF4670F9FF4670F9FF06C0F9FF22C0F9FF14C0F9FF30C0F9FF4670F9FF4670F9FF4670F9FF4670F9FF4670F9FF29
:041500004670F9FF39
:FF150400000000000000000000000000000000000000000000000000AD28F8FF00000000000000000000000000000000000000000000000000000000000000000000000000000000000000000000000000000000000000000000000000000000000000000000000000000000010000000000000000000000640001000000000000000000640001000000000000000000E803010000000000000000000A0001000000000000000000640001000000000000000000A027BE3350010000E034C133500100002042C4335001000001000A0000000000000000000000000000000000000000000000000000000000320000003200000000000000FF0000000100000001000079
:FF16030000000000001428F8FF2028F8FF2C28F8FF00000000709000001C8B0000010000000000000000000000000000000000000000000000000000000000000000000000000000000000000000007E0080830800000000000000000000000000000000000000000000000000000000000000000000000000010000002491000025910000249100002491000024910000249100000491000000000000000000000000000000000000000000000000000000000000000000000000000000000000020001016C9100006D9100006C9100006C9100006C9100006C9100004C9100000000000000000000000000000000000000000000000000000000000000000000000055
:FF17020000000000000002080202965E0000E65E0000965E0000965E0000965E0000B4910000949100000000000000000000000000000000000000000000000000000000000000000000000000000000000070910000DC06F8FF0000000000000000000000001D06F8FF1D06F8FF1D06F8FF1D06F8FF1D06F8FF1D06F8FF1D06F8FFFFFFFFFFFFFFFFFFFFFFFFFFFFFF0000A028F8FF1D06F8FF1D06F8FF1D06F8FF1D06F8FFA228F8FFA828F8FF1D06F8FF1D06F8FF0000000000000000000000000000000000000000000000000000000000000000000000000000000000000000000000000000000000000000000000000000000000000000000000000000000000F7
:C31801000000000000000000000000000000000000000000000000000000000000000000000000000000000000000000000000000000000000000000000000000000000000000001000000000000000000000000000000000000330000000000000000000000000000807F0000000000000000000000000000807F0000000000000000000000000000C07F0000000000000000000000000100807F000000000000000000000000000080390000000000000000000000000000004100000000DE08F8FF00000000DC
:FF18C40000000000000000000000000000000000000000000000000000000000000000000000000100000000000000000001010000490000000000000000000000000000000100000000000000000000000000000000000000000000000000000000000000FF0000000000C80000000000000000300000123123AD123476543AF08DD9DE3E4D0CD674FF4C0F8AA3522B7E151628AED2A6ABF7158809CF4F3C2B7E151628AED2A6ABF7158809CF4F3C020B01010000000000000000000000000000000000080000000120000000100000000000000000000000000000000000000000000000000000000000000000000000000000000000000000000000000000000000C6
:1D19C300000000000000000000000000000000000000000000000000000000000304
:0819E0000000010000000000FE
:2019E80002070C11161B20252A2F34393E43484D02070C11161B20252A2F34393E43484CF0
:821A0800020010001E002C003A0048005500620070007E00B100C400D400E300F20000010E011C012A0138014601530160016D0102003A0048005600640072009400B600C0004A03CE00E1009A01CC01DB01EA01F901080217027802D70231033E030E001A00260032003E004A00560062006E007A00860092009E00AA000200C100C100B600B4
:FF1A8C0025730D0A0000000049444C4500000000546D722053766300190FFF20572388486174616CC4B12073656E73C3B67220494421202842656B6C656E656E3D30783333290A00307832303D2530325820307832323D2530325820307832343D2530325820307833383D253032580A005448533D307825303258204C494D3D307825303258204C41543D3078253032582057494E3D3078253032580A004C4953324448313220696E697469616C697A6564207375636365737366756C6C79210D0A0019FF191919A8494E543120636F6D6D6F6E20696E697420646F6E650A004C4953324448313220494E5431204143544956452D48494748202B204D554C5449204943
:FF1B8B004E5445525255505420494E4954204F4B210A00535550455220535441424C45204D4F56454D454E5420444554454354204D4F4445204143544956450A000A494E5431204952513A205352433D3078253032580A00E28692205A2048696768210A00E28692205A204C6F77210A00E2869220592048696768210A00E286922059204C6F77210A00E2869220582048696768210A00E286922058204C6F77210A000AE2869220465245452D46414C4C204445544543544544210A00E286922057414B452D555020286D6F74696F6E29210A00E286922036443A202B5A206F7269656E746174696F6E0A00E286922036443A202D5A206F7269656E746174696F6E0AE0
:FF1C8A0000E286922036443A202B59206F7269656E746174696F6E0A00E286922036443A202D59206F7269656E746174696F6E0A00E286922036443A202B58206F7269656E746174696F6E0A00E286922036443A202D58206F7269656E746174696F6E0A00E28692204F5249454E544154494F4E204348414E474520283644290A0025303258000A000A206D696352783A253038782C206D69633A25303878000A4E6577204C6F726177616E204D73673A202573004B6F7079616C616D61206261C59F6172C4B16CC4B13A2025730A00486174613A2076657269206865646566652073C4B1C49F6D6164C4B1210A000A4652414D455F545950455F50524F50524945545D
:FF1D89004152593A0049443A20256C750A005061796C6F616420636F756E743A2025640A00547970655B25645D3D257520446174613D256C750A004B6179C4B174206B75797275C49F6120656B6C656E64692E0A00446573657269616C697A65206572726F723A2025640A000D0A20506C6561736520646566696E652061206672657175656E63792062616E6420696E2074686520636F6D70696C6572206F7074696F6E732E000D0A20527820667265713A20256C750000000000000000000000000008E6D33300000000A07008370A00000000000000000000000A4C523131313020564255533A256600010000000100000004070000020002010201020202030204EE
:FF1E88000204020502060000000000000000022B000209000000020A000000020B00000000020C00000000000000020D00000000000000020E00020F00000000000000000000020F0000000002100000000000000000000210000000000000021100000212000002130002140000000000000002150000000002170002180219021A021B00022400000000000000000225000002270002300109010A0000010B01000101010D010E010F000110000111000001120000000000000000011300000000000000000114000000000116000117000000000118000119011A011B0000000000011C00011D01210001220000000123000000000125012601270127000000000060
:FF1F87000000000000000000000000000120012800012A0000C194C10000000000C194C100000000000D0A20525350493A09525350495F4556545F5452414E534645525F41424F52544544000D0A20525350493A09525350495F4556545F4552525F4D4F44455F4641554C54000D0A20525350493A09525350495F4556545F4552525F524541445F4F5646000D0A20525350493A09525350495F4556545F4552525F504152495459000D0A20525350493A09525350495F4556545F4552525F554E4445525F52554E000D0A20525350493A09525350495F4556545F4552525F554E444546002564000060E5AE3350000000A0F2B13350000000E0FFB43350000000200D30
:FF208600B83350000000601ABB335000000000D6C83377020000E034C1336601000060E5AE3350000000A0F2B13350000000E0FFB43350000000200DB83350000000601ABB335000000000D6C83377020000E034C133660100000A307800253032580000000060E5AE3350000000A0F2B13350000000E0FFB43350000000200DB83350000000601ABB335000000000D6C83377020000E034C133660100000A2D2D2D2D2043555252454E5420434F4E464947202D2D2D2D0D0A000D0A4555493A256C750D0A004750535F544F3A25750D0A0050494E475F4359434C453A25750D0A004352433A25750D0A002D2D2D2D2D2D2D2D2D2D2D2D2D2D2D2D2D2D2D2D2D2D2D2DFB
:FF2185002D0D0A000000000A4B757972756B20646F6C752120456C656D616E20656B6C656E656D69796F722E0A000025642D25642D25645425643A25643A25642E25645A00000031000000280000003100000030000000310000003000000031000000310000003000000031000000300000003100000041542B43434C4B3F004F4B004552524F520025735F000000002564004C4953313220696E6974204641494C4544210A004C495332444831322068617AC4B172210A000A3E3E3E20465245452D46414C4C204445544543544544210A000A3E3E3E20534549534D49432041435449564954590A004F7269656E746174696F6E3A202B5A2055500A004F7269656E8C
:FF228400746174696F6E3A202D5A20444F574E0A004F7269656E746174696F6E3A202B590A004F7269656E746174696F6E3A202D590A004F7269656E746174696F6E3A202B580A004F7269656E746174696F6E3A202D580A000000000A504C55472D2D2D2D2D2D2D2D2D000069000000000000006800000002000000050000000000000007000000000000000A4B6179C4B174206B75797275C49F6120656B6C656E64692E0A000A554E504C55472D2D2D2D2D2D2D2D000069000000000000006800000001000000050000000000000007000000000000000A4C4F57424154544552592D2D2D2D2D2D2D2D2D0000000069000000000000006800000006000000050000DE
:FF2383000000000000070000000000000041542B5245534554004F4B004552524F520041542B414C4956450A0041542B000A55312D52583A2573002B5245534554002B464143544F5259002B474554444556455549002B4445564555493D2564000A55312D54583A2573002B5345544445564555490041542B5345544445564555493D002B53455450494E4754494D454F55540041542B53455450494E4754494D454F55543D002B4745544649524D574152454E4F002B4649524D574152454E4F3D257300766572332E302E30000A54583A2573002B4241543F000A424154544552593A2025660A000A44454255473A25730025642C25642C25662C2566000A49443A07
:FF24820025642C436F64653A2025642C4C617469747564653A20252E34662C4C6F6E6769747564653A20252E34660A00000069000000000000006800000000000000050000000000000007000000000000004B6179C4B174206B75797275C49F6120656B6C656E64692E0A00000041542B000A446F776E6C696E6B202D20436F6D6D616E643A202573000A45C59F6C65C59F656E204445564555493A20256C75000A4B6F6D75743A20257300207C20446174613A202573005245534554000A4B6F6D75743A205245534554202D3E20436968617A2079656E6964656E206261C59F6C6174C4B16CC4B1796F722E2E2E0A0050494E470047505300434F4E464947000A43C8
:FF2581004F4E464947207665726973693A202573000A506172616D657472655B25645D3A20257300202D3E206770735F7363616E5F74696D656F75743D256C7500202D3E2070696E675F6379636C655F74696D653D256C7500202D3E20456B20706172616D65747265202869C59F6C656E6D65646929000A434F4E464947206B6F6D7574752069C59F6C656E64692C20746F706C616D20256420706172616D657472652E0A000A434F4E464947206B6F6D7574752069C3A7696E207665726920656B73696B210A000A42696C696E6D6579656E206B6F6D75743A2025730A000A44455645554920757975C59F6D75796F72212047656C656E3A256C752C2042656B6C65C7
:FF2680006E656E3A256C750A000A4765C3A7657273697A20666F726D6174212042656B6C656E656E3A2041542B4445564555493A4B4F4D555420766579612041542B4445564555493A4B4F4D55543D444154410A000A4B6F6D75743A2050494E47202D3E204B75797275C49F6120656B6C656E6563656B0A0000000069000000000000006800000000000000050000000000000007000000000000000A4B6179C4B174206B75797275C49F6120656B6C656E64692E0A00000A41444320204143432020474E535320204C544520204C574E20204553500A007B25647D20207B25647D20207B25647D2020207B25647D2020207B25647D2020207B25647D0A00006164632A
:FF277F005F7461736B006163635F7461736B006C776E5F7461736B006573705F7461736B00706F7765725F7461736B00000A5B535441434B204F564552464C4F575D205461736B3A2025730D0A004D41494E5F5441534B00000A52656164696E67206D656D6F727920636F6E666967000A52656164696E67206D656D6F7279206C617374206C6F636174696F6E2025662C25660000ADDEADDE454E56313D74656D70303100454E56323D74656D70303200454E56393D656E6400433A5C737464696E007200433A5C7374646F7574007700433A5C737464657272000000FFFF01020408102040800000686A6C747A4C0000686A6C747A4C0063436E5B00303132333435B4
:2F287E00363738396162636465660030313233343536373839414243444546000000300000002E0066616C73650074727565002D
:FF28AD00043A0F00FB123C6F0000FB22D728F8FFA112FB123C6F0000FB222129F8FFA11AFB123C6F00003C18FF02FBEE100008FAE9F7010FA5FBEE1FC108F0EFFBEE1FC108F0E6FBEE0C8908F8E400FBEE100008ECEF7B1FE3EF05BC3401FBEE1FC108F0EEFBEE1FC108F0E7FBEE100008FAE9F70100A502FBEE100008FAE9F7010FA5FBEE1FC108F0EFFBEE1FC108F0E6FBEE0C8908F8E400FBEE100008ECEF791FE3EF057E3401FBEE1FC108F0EEFBEE1FC108F0E7FBEE100008FAE9F70100A5026080A009E302A809A81AFD722217B7D138A01AA809A81AEF2EFD722E0AD7233CFC93E2A092A809EC1EEC02FC83E2FC8D1202FC8B2EE31EA809FB220000803FFC8187
:FF29AC001202FC8D1201A01AA809A89A6212A09AA809A899755132290EA8093E1332A8093C9001670267027100EC3E03003E0200FBEE2290085CE1A08106A1110202FB12546F0000397BFFFB12546F0000B411610115F806000CF80601EC01610112F90201000080BF2E17FBE2546F0000ECE1FD7231473C113CA089E5000301A809A10167057100EC3E03003E0200FBEE2E90085CE1A08106A1110202FB12686F00003920FFFB12686F0000B411610115F806000CF80601EC01610112F90201000080BF2E21FBE2686F0000ECE1FD7231473C113CA089FBE23C6F0000E50E0303E5000301A809A1016705FBE27C6F0000FBF2B02AF8FFE3EFFB127C6F0000FB22552C92
:FF2AAB00F8FFA092027EA67100E8A109A102A08BA0843D020005160C01FBE2F85E0000FAE4040400A9096080A009FBE28C1AF8FFE30EFB62F85E000072610A0405CCA7016280DB6105043C03002E13B08962118089B089615129073C02FF2E5F05AC0A01610121E92E47A902FB12F85E000062310526160161011E3C02002E3FA88AFB12F85E000062310510160161011E3C02FE2E29988162119081B8810685010223073C02FF2E16661105D21501FBE2F85E00005CEE610E2AB12EDBC500020789893F66077100E4A181928A850BA1043D0600055B0B01FBE2F85E0000FAE40404023D04002E1EA981FBE2F85E000006C90E04C81E0A04A9816211A1819901621191E5
:FF2BAA0001B90106C5010B29DEFBE2F85E0000D90E0B05043C0B002E13B28962118289B289615129073C07FF2E7B05DF0901610121E9FBE2F85E0000FAE40504012E4CFBE2F85E00005CEE610E15F806010CF80600EC016101201BFBE2F85E000006C8EEB50945E1021E3C07002E3A3C07FF2E35998162119181B9810685010423073C07FF2E22661105F51401FBE2F85E00005AEF0504621FCBEF05045AEE0504614E2AA02EADC500070F8B8967077EA66080A009057B0A01FBE2F85E0000FAE4040400A8096080A009FBE28C1AF8FFE30EFB62F85E000072610A040531A6016280DB6105043C03002E0EB08962118089B08961412A0A05160901610121EE3F66036075
:FF2CA90080FD6A0EFD67E164F1E301757009EC01A0096702608075411C05870500E301EC016101200FEC01F81600EC01624105790400EC01A00967027100D4A281A20AA203A18CE5000A033E0100FBE2000000FF06A10C0E081505B62801AA0161011D05AD280105443A0061011AA989610115F806010CF80600EC01610115F806000CF80601EC0161011D05852801055B2F00A889E41005AA0AAA81397002A90906950109AA0253214721211AA90906950109A101AA017E01A88A069021E3213E07002E24A9896101A8892016A98BAA027432000000056241055B34003E04000FE410043E010105102F00A081A98961012053A881610121107EA5FB5EE07208F854018F
:FF2DA800EC557EB505783C00A101A9017D91212905FF3B00A889E41004AA01EF1E06910E04471E210DAA017E01A88A069021E32105123C003E0101A9017421FFFFFF00A101A901A181670B7100C8A309A302A28BA284E5000F09E5000D073E05003E0200AB0961011D05A82701FBE2000000FF06A10C0E0C1505982701AB0161011D058F27010526390061011AAA09610115F806010CF80600EC01610115F806000CF80601EC0161011D05672701053D2E00A989E41001AA83AB02A809397902A101A9016101201CE50001063E0900AA8961012046AB017E01A98A069021E3212E39AA0961011AE50001063E02012E2BAA89610117A9097981A109AA81610117A90979FD
:FF2EA700A1A109AB0206950205AA0BA9896241052333003E060005DF2D00A089AA096101205AA889610121107EA5FB5EE07208F85401EC557EB505473B00A181A9817D91213005CE3A00A989E41006AA83AB02A98139E20161012013AA896101200DAB017E01A98A069021E3213E020105D73A00A9817421FFFFFF00A181A981A201670E7100ECA101A08AE5000401A90161011D057E2601FBE2000000FF06A10C0E0315056E2601056C3A00A809E010A8897E01A80A069021E321058C3A00EC01A08167057100F0EF23A089A083A88A6604FB12CD30F8FF050C4800E301EC01A00967047100ECA101A009391AFDA081A809E010A8816DC16841FD6A0E742EFFFFFFF098
:FF2FA60057E1FD6810EC01A08967057100D0A289A2823E0400E5000B01F80600AA8961011D05EE2501FBE2000000FF06A10C0E0A1505DE2501A8096241A109A9096281A18105A82C00A909E5100308A809EC1E06950E0AE31E2E64AA01E5100107AA01E41003F80600A8897421000000FFA081A8897421FFFFFF00A089A809EC1E06910E03A8817DA119610E200EF806010906850E031CF80601EC016101201BA8817D8111A90106950103A101A809EC12AA01799205973200E5000708AA01068501062198A9017E01A80A069021E321052A2C00A809EC11A209670C60C0A081A009A8096241E30105052C002E1EEC01711E0806851E031D051B2501EC01A899FB220029
:FF30A50000000205463200EC01EC1E610E21DEA8090558030005E22B0067036080A009E302A80939E9FE67026080A009E302A8093952FE67027100ECA101A08AA083F80600A90106910103A8826102196101200EF8060109068501031CF80601EC01A00967057100ECEF34A101A08AA084A88BA902FB12C030F8FF056B4600E301EC01A00967057100F0A089E301A88961011D3E01000FEC01E5100601A809A08167046080A009E302A809A19267026040E301711208A01AEC01F91602FFEC01711208A09AEC01711208A112EC01F8160067016040E3013E1400670160C0A081A00AA881E11001EC01A80AA029EC01A80AE5120202EC01A891E5010101A809EC02A0A124
:FF31A400A881A80AA121A881EC1E621EE31E67037100F0A089A082E020A889711208EC037503FF1FE51004012E16A00A0FA809E5100101A809A819EC1E06840E25F1A809A882E5120101A881A81AA0A1A809A882A0A1A881A80AA029A889A882A121A889EC1E621EE31E670460C0A081E11004A881A81AE5120202A881A892E5120101EC01A8190685010219A881EC02E5120201A8813E1400EC01EC1E601EE31EEC01EC11A00967037100E4A1813E0100053E2A00FBE26C8F0000ECEE610E1C395F02FBE2808F0000ECEE06A10C0E063B7F01A98161012017A981FBE2E00AF8FFEF1F0688EF471F2506F806010CF80600EC0161012049FBE2E00AF8FFECE10689010600
:FF32A300A181667E06A10C0E062035A981EF1E647E668F43EF4B1F471F251EA981EF1E647E668F43EF4BF1A181667E06A10C0E06200E05E02201083E06000C3E0600A98161012013FBE2708F0000A9810684E12406F806010CF80600EC0161013AF000FB12886F0000A089FBE2886F0000E4E00408A089A901E41004A901A81906850106220DA901EC1E610E15F806010CF80600EC016101A90121DBFBE26C8F00000684E13AAB00A889EC11FBE2E00AF8FF0688E1A009A901A88AE012A901A81906810106FBE2E00AF8FFECEE6C1E47E1252DA90106890106A081667E06A10C0E021505332201A901A81906810106A882A029A981A902A029A88139E401FBE2708F000E
:FF33A20000ECEFA90106811F01E3EFFBE2708F0000ECEEFBF2748F00000684FE2210FBE2748F0000FBF2708F0000E0FEFBE2808F0000ECE1A90206952101A029A901F81600FBE2788F0000ECEF621FE3EF05AD2800A80961011D05D72101667E06A10C0E011505B12101A809A109670760C0A081A009A88161013A8800A809FBE2E00AF8FF0680E1A009E10001FBE2808F0000ECEEEC0106A10C1E011D057A2101EC01EC1E610E15056F2101FBE2808F0000ECEEEC0106A10C1E012047EC01EC1E610E213FFBE2808F0000ECE17E01EC0206912101A029051A2800FBE2708F0000ECEFEC0106891F01E3EFEC0139F300FBE27C8F0000ECEF621FE3EF050228006703672B
:FF34A100036040FBE2708F0000ECE1E30167016040FBE2748F0000ECE1E3016701027100F0F80A0044FB1204140000A009667E06A10C0E01201FA8096271A009A8097521F8A009A809FBE20414000043E1EC024312E302E5000102FBE2886F0000E10E02FB12886F00003E1100A881068801A009A809FBE2E00AF8FF0680E1A009A8097521F8A009FBE26C8F0000E10E01FBE26C8F0000ECE13E1100FBE26C8F0000ECEEF8E600E5000203A889A80A4312A01AFBE26C8F0000A889E0E1A889FBE2748F0000E11E01A889FBE2708F0000E11E01FBE2808F0000F8E200000080670460C0A081FB12886F0000A0090CE41001A809EC1E06850E0223F5E301A809A8190688CE
:FF35A00001068501022112A809A81AA88306893201A01AE5000102E10002A809A882A82A0688020684122132A809EC1EFBF26C8F00000684FEA8812018A80AEC2EA81A0689E201A01AA809EC1EA881E0E12E11FBE26C8F0000E0E10FA809A882E012A8090685010211A881A80AE321670367037100ECA1013E02003E0100F806FF05722600FBE2886F0000E4E003A88961012038A8816211A081A889A819068501012508A889E5100101A889A8190684012207A889E11001A889E41003FBE26C8F0000A8890684E121CC05362600A809A902A029EC01A902A0A1A881A902A0A9053B3300FBE2708F0000A901E0E1FBE2788F0000A901E4E105FBE27C8F0000A901E4E151
:FF369F0006FBE2748F0000A901E4E104053F330067057100F0A089A082A00BA889F81600A8896041A089A889F81E000003A8896041A089A881A88AE321A8897111C4A089A809A88AE321A8896041A089A889F81A0001A8896041A089A889F81211111111A8896041A089A889F81222222222A8896041A089A889F81233333333A8896041A089A889F81244444444A8896041A089A889F81255555555A8896041A089A889F81266666666A889E30167046040FBE2888F0000ECEE610E205E05E41D01FBEE1B7008F2E3E801FBEE1B7008F0E8FBEE1B70085AEFE802780F762FF100CBEFE8027FA9FBF2888F0000ECFFECF07EBFFD171F7EBFFD170F7EBFFD173F7EBFFDB0
:FF379E00179F7EBFFD178F7EBFFD17BF7EBFFD68F36F1F7F950303393200F80600660167017FA86EEF6E15757009055D2700610120107EA5FB5EE07208F85401EC557EB57570016F156FEF7F957FA87EAFFD6A2F60CFFD68F2E00FE50F0101E50F020262C07FA96E1EFD6A3F7EAFFD1FBF7EAFFD1F8F7EAFFD1F9F7EAFFD1F3F7EAFFD1F0F7EAFFD1F1F7EAFFBF2888F0000ECFFE3F075700905752800757001FBF2888F0000ECFFECF07EBFFD171F7EBFFD170F7EBFFD173F7EBFFD179F7EBFFD178F7EBFFD17BF7EBFFD68F36F1F7F95030302FBE2888F0000ECEE610E15053C1D01052B2800026080FD6A0EFD67E164F1E301757009EC01A00967027100ECA101A09C
:FF389D008AE5000401A80961011D050E1D01050C3100A809AB9A068D1210068812A092A8093E1E00A809E41101A809AB9A6012068D1210068812A09AA809F91444FFA809F91445FFA809711110A88A61022131EC1E610E1DF806010CF80600EC016101212CA809711110055229006101201F7EA5FB5EE07208F85401EC557EB52E0F0535F8FFA809711124052CF8FF05C230003E0201661167057100E0A189A182858BA98961011D05741C01A989068D0106A081A9816101200EA88106A1090106068501071DF806010CF80600EC0161011D054A1C01A881711E54471E2406053D1C01A88171115405C8F8FFA089A88961012020E5000301A809711154A009A88DB58C2D
:FF399C00A80BA982A9896040E305390B006240A889A10167087100ECA101A08AA083818CE10006A8896101EC011CE0010CE10102A901EC02A3A9A889EC02A421EC01661239BBFEB189EC02C72150EC013E920067056040E3016101201EEC013E1200EC01F81600EC013E1300EC016602EF23EF2439F000670167017100EC84893E0101F80600B48BEC02A809390FFFA081A88139C2FFA881A08967057EA67100F0A089E301EC0161011D05731B01EC01A89605F62C0047612121EC01A89A6012A09AEC01A8996101210DEC016602EF23EF243992003E01010C3E0100A809A0813F66057EA67100ECA101A08AE10004EC0161011D05291B01EC01A89605AC2C004761EC04
:FF3A9B0001210DA89A6212A09A3E01012E16A88A392006A009A809610111EC01A89A6212A09AA809A0813F66067100F0A089A082A88961011D05E51A01A88106850103250605D91A01A88966236602394DFEE301EC01610117A881EC02A3A1EC01A00967047100CCA301A28AA283A20C3E0700E5000C03A88961011D05A21A01AA896101210DA889AC11610115F806010CF80600EC01610115F806000CF80601EC0161011D05791A01AA096121210DA889AB99611115F806010CF80600EC01610115F806000CF80601EC0161011D05501A0105E72B0061011AAA81610115F806010CF80600EC01610115F806000CF80601EC0161013B570105261A01385001AA096121D8
:FF3B9A001DF806010CF80600EC0161013A9B00A889E5100E02AA0BAA8AA88939720AA181A889AC9161012032AA0961211AA881610115F806010CF80600EC0161012160A889395A0D610120577EA5FB5EE07208F85401EC557EB52E47A889AA1961011DF806010CF80600EC016101211FA889711124054A2600610120267EA5FB5EE07208F85401EC557EB52E16A981610120107EA5FB5EE07208F85401EC557EB505B32D003E010138BB00AA816101210C05A32D003E010038AB00A9896101210C710110054327003E070105892D00052A2000054E2D00A889CD1E44750EFF1FA889F9144400A889CD1E45750EFF1FA889F9144500055F2D0071022871011005212700A0
:FF3C99006101A889213A394B0B6101A8892028AA8271111005032500A889394E0A05E61F00610121277EA5FB5EE07208F85401EC557EB52E1739330A05CB1F002E0E392A0A05C21F003E01002E1805D42C00A889AB91A88A0685210F220538A8FE38A0FEA809A201670D7100D4A281A20AA203A18CE5000A03A88961011D05A21801AA096101210DA889AC11610115F806010CF80600EC01610115F806000CF80601EC0161011D05791801A9896121210DA889AB99611115F806010CF80600EC01610115F806000CF80601EC0161011D05501801FD6A0EFD67EE64FE61AE2906054018013909FBA101A889AB91A88A0685210F2307A98961211DF806010CF80600EC0196
:FF3D980061013A9900A889C510450BA889E5100E01A98BAA0AA8893978088A897501FF2165A889AC916101202FA98961211AA809610115F806010CF80600EC0161012159A889395B0B61012050AA016101204AAA01F816012E43A889AA1961011DF806010CF80600EC016101212FA889711124054E240061012022AA016101201CAA01F816012E158A8975517F1D059317018A896211A88AC721453E05010C3E0500A9016DC16841FD6A0E742EFFFFFFF057E1FD6810A909A181670B7100DCA201A18AE5000803A88961011D05551701A889AC11610115054A1701A889EC1E610E210DA889A891610115F806010CF80600EC01610115F806000CF80601EC0161011D0560
:FF3E97001F1701FD6A0EFD67EE64FE61AE2906050F170139D8F9A101A889E5100E02A889A8820685120F2276A889C5104507A8816211A88AA3A189897501FF214AA889AC926102201639590A6101204EA98961012048A989F816012E41AA1961011DF806010CF80600EC016101212FA889711124054E230061012022A9896101201CA989F816012E15898975517F1D0593160189896211A88AC721453E05010C3E0500A9016DC16841FD6A0E742EFFFFFFF057E1FD6810A909A18167097100D4A281A20AA2033E0600E5000A03A88961011D05501601AA096101210DA889AC11610115F806010CF80600EC01610115F806000CF80601EC0161011D0527160105BE27006A
:FF3F960061011AAA01610115F806010CF80600EC01610115F806000CF80601EC0161013BFC0005FD150138F500AA0AA889390907A8816011A88AA3A1A889A91161011DF806010CF80600EC016101211DA889711110056E2200610120107EA5FB5EE07208F85401EC557EB505ED29003E010138C100AA016101210C05DD29003E010038B100A9816101210C710110057D23003E060105C3290005641C0005882900A889CD1E44750EFF1FA889F9144400A889CD1E45750EFF1FA889F914450005992900710220710110055B23006101A889213A3941076101A8892028AA02711124053D2100A88939880605201C006101212F7EA5FB5EE07208F85401EC557EB52E1F390E
:FF4095006D0605051C002E1639640605FC1B00A8893900076101163E01002E1605062900A889E5100E02A88161013B00FF3845FFA809A189670B7EA67100D0A289A2823E0800E5000B053E0400A90961011D05D21401A909AC1161011505C71401055E260061011AAA81610115F806010CF80600EC01610115F806000CF80601EC0161013B4701059D1401384001A8896011A90AA3A1A909EC1E610E19A90E05192900A0E1A909A91161011DF806010CF80600EC016101211DA90971111005062100610120107EA5FB5EE07208F85401EC557EB5058528003E0101380401AA8161012115A901610115053B1401056C28003E010038EB00AA016101210C710118050C2228
:FF419400003E08010552280005F31A0005172800A909CD1E44750EFF1FA909F9144400A909CD1E45750EFF1FA909F91445000528280071022871011805EA21006101A909215439D0056101A9092042EC1E610E211405D22700A909A891058D2500A10105F72700AA82A90971112405B21F00A90939FD0405951A006101214F7EA5FB5EE07208F85401EC557EB52E3F39E204057A1A002E3639D90405711A00A90939750561012026A9016101201B05792700A90939C403A081A909A891A88205932600059727003E01002E16055B2700A909E5100E03A88961013BB5FE3802FFA809A2093F660D7100D0A289A282A20B3E0700E5000B03A88961011D05291301AA8161E9
:FF42930001210DA889AC11610115F806010CF80600EC01610115F806000CF80601EC0161011D050013010597240061011AAA09610115F806010CF80600EC01610115F806000CF80601EC0161013B000105D6120138F900A889E5100304AA82A88939DC03A901A88AA0A9A889AA1961011DF806010CF80600EC016101211DA88971112405431F00610120107EA5FB5EE07208F85401EC557EB505C226003E010138C100AA096101210C05B226003E010038B100A9896101210C710114055220003E07010598260005391900055D2600A889CD1E44750EFF1FA889F9144400A889CD1E45750EFF1FA889F9144500056E2600710224710114053020006101A889213A39167D
:FF439200046101A8892028AA0A71112405121E00A889395D0305F518006101212F7EA5FB5EE07208F85401EC557EB52E1F39420305DA18002E1639390305D11800A88939D5036101163E01002E1605DB2500A889E5100E02A88161013BFCFE3845FFA809A201670C7100D8A209A202A18BE5000903A88961011D05AD1101AA016101210DA889AC11610115F806010CF80600EC01610115F806000CF80601EC0161011D05841101FD6A0EFD67EE64FE61AE290605741101393DF4A101A889E5100E02A88161012063A889C5104407AA02A889396C02A8816011A88AA3A189897501FF2130A889A91161011DF806010CF80600EC016101212FA88971111005CA1D0061014D
:FF4491002022A9896101201CA989F816012E15898975517F1D050F110189896211A88AC721443E05010C3E0500A9016DC16841FD6A0E742EFFFFFFF057E1FD6810A909A181670A7100E0A189A182E5000701A80961011D05D11001A9816101210DA809AC11610115F806010CF80600EC01610115F806000CF80601EC0161011D05A81001A809AC1161011D059D1001FD6A0EFD67EE64FE61AE2906058D10013956F3A089A809AB9161012019A809E5100302A982A809398901A881A80AA0A93E04010C3E0400A8896DC16841FD6A0E742EFFFFFFF057E1FD6810A901A109670860C0A08161011D05411001053F2400A881E1100E05692400EC01A00967037100F0A08913
:FF459000E301EC0161011D051E1001051C2400EC01AB9A0681120EA00A05412400A809A08167047100F0A089E301EC0161011D05F60F01EC01E5100E01A809A08167046080A009E301EC0161011D05DB0F01EC01052EEEFF67026080A009AC99E30167026080A009E302A809A49A67026080A009C5105003B089670260C0A081AA196101200EA881AB1166A2068012E3020CF80600EC01A00967037100E8A109A102A08B3E0100A909E1100EA909AC116101211BA909EC1E610E2178A909A89105002200A009A9093E12002E67A8896101A9092127A90AAC23A819A9027F8FA909A81A06891210A01AA909A81A068512022341A909E411012E3AA90AAC23A899A9027FEB
:FF468F008FA909A89A06811210A09AA909A89A068412220CA909A89206811210A09AA8896121210DEC01610117EC016011E301EC016211A90AA3A1A809A08167066080A009E302A809AC1161012027A809A89A06891210A09AA809A89A068512022307A809E41103A809AC13A89AEC017F8F6702670260C0A08105B22200A881C51045072E3FA881AC926102200F391C026101202A052B1D002E24AA1961011DF806010CF80600EC016101211EA88171112405181B0061011505071D00B18960118189898961012ABFA881F91445FF0590220005592200A881C51044062E2CA881A91161011DF806010CF80600EC016101211EA88171111005D21A0061011505C11C0084
:FF478E00B18160118181898161012AD2A881F91444FF054A2200670360C0A081050D2200A881AB9161011DF806010CF80600052E2200EC01A00967037100F0A089E301EC0161011D05E30D01EC01AB9161011D3E01010C3E0100A809A081670460C0A08105C92100A881AB91A8820685210F1DF806010CF8060005E62100EC01A00967037100F0A089E301EC0161011D059B0D01EC01AB91EC020685210F1D3E01010C3E0100A809A08167047100F0A089A082A00BE1000305752100EC01CD1E44750EFF1FEC01F9144400EC01CD1E45750EFF1FEC01F914450005862100EC01AB916101210FA80BA882EC0171112405A81900EC013982FE670460C0A0816603664239E2
:FF488D00A7F0E301EC01A00967037100F0A089A08205192100A889AC91610116F806002E16A889AB91610115F806000AA881A88AA4A1F8060105282100EC01A00967047100ECA101A08AE10004EC01AC9106850103163E01002E1EEC01AB916101163E01002E1205C72000EC013E920005F120003E0101A809A08167057100F0A089A082F80600A883A889EF02393AF6EC01A009670460C0A081F80600A8816603EF0239CAFAEC01A00967037100E8A109E51012033E0200A88961011D056F0C01A889AB91A88A0685210F2306055F0C01A889AB91A88A0685210F2254A889C5104507A889660371021439B4FCA08189897501FF2128A889AA1961011DF806010CF806D4
:FF498C0000EC0161012127A88971112405BD18006101201A3E02012E15898975517F1D050A0C0189896211A88AC72145A881A10167066080FD6A0EFD67E164F1E301757009EC01A00967027100E8A109A102A08B611321113C0301A9096141241405CC0B012E0E3C0300A90961011D05BE0B01A90106850105250605B20B01A90161011C3E0401A909711E2547E12214A9096211A109A9097111240526E8FFA0090C3E0100A80961012016A809B08AA904A90B6040C302711224393E086240A809A08167066080A009E301EC0161011D055D0B01EC01F5111C1F05ACE9FF670275432466027F8867027100ECA101A0813E0100A88161011D05350B01A881E11008052E6A
:FF4A8B001F00A881A91161012125A881A9196101211DA881A89CA893A9926040C1101C39D60762403E0101EC01A882A22105321F00A809A08967057100ECA101A08AE5000401A80961011D05E30A01A88961011C3E0301A809A88A06851202240CA889A80AA0A9F806010CF80600EC01A08167057100F0A089A009A80961011D05AE0A01A809A892068812E302A809EC0206811201E302EC016011E301A809EC0206851202230CEC01A80A06812102E301EC01A08167047100F0A089A009A80961011D056B0A01A809390107E301EC01A08167047EA67100D0A289A282A20BA204E5000B063E0400E5000903A981A8916011E301AA8161011D05350A01A98161011D05DB
:FF4B8A002C0A01A981F5101CA889201D6241A089A88906850109240605130A01A889068401250E3E0800090684012505E40003AA016101206771010405B3170005F11D00A981392FFFA101A9010685010322496601EF1205C92300A981A91961011505CD0901A98605521B00A16905F61D00AA016040E3016601EF12EF13EF1405221F006240A9813E1500710220710104059F1700610120A90D05CA1D00A901610118A98139D0FEA101A88DA904AA0BAA82A9816040E30539F0006240A109A90961012039A981390406A98206852103232C05371000A981A9116101201CA981A9116040F806006602EF23EF2405901F006240A9813E1400051E1000A909A1893F660D28
:FF4C89007100D8A209A202A18BA184E5000904E5000701AA0161011D05140901A90161011D050B0901A901F5101C17A8096241A009A901393FFEA081A80DA884A98BAA02A9016040E305395F006240A089A8896101204EA901397305A90206852103234139D5FCE301A901A91161012020A901A911A9826080A00AF806006602EF23EF24052B20006280A9013E1400EC016DC16841FD6A0E742EFFFFFFF057E1FD6810A889A109670A7100DCA201A18AA183A10CE5000A04A90961011E3E02002E39AA01F5101C21193E0201A981068501052206E100060CE10005E400062E1BA9090685010423103E0201AA0166437102183978030C3E0200A8816101200EA983A98A22
:FF4D8800AA01396503A0090C3E0100A809A08967097EA67100DCA201A18AA183A10CE50008033E0200A98961011D05030801A88961011D05FA0701A889F5101C15F806040CF80600A9096101205B05E51B00A889397904A009A809068401241D6601EF1205BE2100A889A91161011505C20701A88E05471900A16105EB1B00A809068401242AA9096040E3016601EF12EF13EF1405101D006240A8893E1400A889392C04A00908A889392404A009A8090684012547EC05A80CA983A98AA8896040E3053933016240A081A8816101202C053B0E00A889A9196101201CA889A9196040F806006602EF23EF2405941D006240A8893E150005220E00A881A1013F660A710041
:FF4E8700E4A181A101A90161011D05240701A901F5101C2037A90139B303A081A8816151231DA901E41001A884A9016643EF0239DF02E40003A809A902E3212E12A88161011505EC06013E03000C3E0300A889A10967077100D8A209A202A18BA184E50009043E0300AA0161011D05C40601A90161011D05BB0601A901F5101C153E01040C3E0100A901394403A081A88106850101255CA80DA884A98BAA02A9016040E3053952006240A089A889610120413989FAE301A901A91961012020A901A919A9826080A00AF806006602EF23EF2405DF1D006280A9013E1500EC016DC16841FD6A0E742EFFFFFFF057E1FD6810A889A109670A7100D8A209A202A18BA184AA53
:FF4F860089A1096101202FAA09E41003A984A90BAA09EF0239FB01E40001A98106810105A181A809068501072510A889AA0AE3213E01000DE5000701A984A80BAA02AA0939CF01A081A881A101670A7100ECA101A081A88161011D05D80501A881E010A881A8190684011D3E01010C3E0100A809A08967057100ECA101E301EC0161011D05AF0501EC01F5101C153E01040C3E0100A90139E2FA0685010124063E02010C3E0200A881A08967057100E8A109A102E5000502A88161011D05760501397BF9E301A881A91161012024A881A911A9026080A00AF806006602EF23EF2405D11C006280A8813E14003E01010C3E0100EC016DC16841FD6A0E742EFFFFFFF057D3
:FF508500E1FD6810A809A08967067100E8A109A102E5000502A88161011D05160501391BF9E301A881A91961012024A881A919A9026080A00AF806006602EF23EF2405711C006280A8813E15003E01010C3E0100EC016DC16841FD6A0E742EFFFFFFF057E1FD6810A809A08967067100E4A181A10AA10361031D05BA0401A981E5100102A981A8910681010206850104220DA981A89106810102E3010CE10004EC01A00906890102A98206852102250605840401A981A99106890102A80BA90A7F8FA901068501012524A90106810101A982068521022506055C0401A80AA903432306890205A981A9917F8FA88106890104A081A981A88206851202230CA881A982068E
:FF518400812102A081A881A982A029A901A08967077100DCA201A18AA183A10C068504062206E100050CE10006EC01A08961013A9800AA01E41001AA01A8910681010106850103220DAA01A89106810101E3010CE10003EC01A08106850106250605D40301A80906890102AA0206852102250605C20301AA01A99206890201A883A9897F8FA88906850102251EA88906850106250605A00301A881A88B4313AA02A9A2068901077F8FA80906890103A009AA01A80A06851202230CA809AA0206812102A009A809AA02E321A889A101670960C0A081A89206891201E302A881EC02068012E302A881EC0206851202230CEC01A88206812102E301EC01A00967037100E847
:FF528300A109A102A08BA084C5001C07F80655A904A88B5802EF417F880685040415051403017543246602A9097F88A901A90AA1A1A889A90AA0A1A881A90AA0A9B189A90A872167066080A009AA11E30167026080A009E302A809A21267026080A009B71164118089B08967026080FD6A0EFD67E164F1E301757009EC01A00967027100D8A209A202938BA184E5000B05E5000C04BB896C210531DFFFE301EC016101201F75415C0522DFFFA081A881610111EC01A882A3212E0CEC0105D2E0FF0C3E0200A8816101202EA885ED0F04ED0E05A984BB8BAA02AA097100F0A085E70F01E30E3E0300391900710010A8813905013E01010DF90601FFA809A089670A7EA6C8
:FF5382007100D8A209A202A18BA184E5000C05E5000D04E5000E03E5000F02A98B6C23A889AB117542A57F88A9896C21A88A0689210C6041A009A8097521F8A009667E06A10C0E011505EE0101AA0161012033F806002E21EC01AA02FEC21E06890103C71E34EC01AA02FEC21E610E200EEC016211E301EC0161C123DDA889F9143F000FA889F9143400A90961A123053E0509A909A88AA2A9A909A88AA4A9A8893E9400A8896241054EDDFFA8897111180545DDFFA889A11166A106810105A88AA1A1A889A219A8893E9000A8893E9500A889F9145800A983AA0AA809A88E0554E2FFE361A901610112A889A902E3213F660B3F660B6040E301393F15FBE2908F0000F5
:FF548100ECEF621FE3EFFBE2888F0000ECEE610E211BFBE2888F0000E00EFBE2908F0000ECEE611E212D390C102E28FBE29C8F0000ECEE610E211CFBE2888F0000ECE1AA99EC020685210B240AFBE2888F0000E00EFBE2AC8F0000ECEF621FE3EFFBE2AC8F0000EC01E4E111EC01AA99FBE2988F00000684E1250DEC01FBE2988F0000E11E0BEC02AAAB751314FB12906F00004B3162420569DCFF39D214FBE29C8F0000ECEE610E2024FBE2888F0000ECE1AA99EC020685210B22127EA5FB5EE07208F85401EC557EB56701670160C0A081396814A88161011AFBE2888F0000E0E00CE10002EC01A009624105A3DCFFA809AA91610112A8097111180593DCFFFBE2AC34
:FF5580008F0000ECEF621FE3EFA809FBE2888F00000684E1211EA80A6242FB129C70000005DDDBFFFBE28C8F0000ECEF621FE3EF2E16FBE2908F0000ECEF601FE3EFA809393111394211392414FBE29C8F0000ECEE610E202EA809FBE2888F00000684E12121FBE2B88F0000ECEE610E1505C8FF007EA5FB5EE07208F85401EC557EB5670367037100E0A189A1823E0200A98961011D05A3FF00A98161011D059AFF00FBE2B88F0000ECEE610E15058BFF00396106FBE2948F0000E4E001A989EC1106890106A101A989EC1E06850E04FCDBF406850E012521610F200FED0F0406850F012506F806010CF80600EC0F610F20213E02012E1C610F19A90106850101250622
:FF567F00F806010CF80600EC016101143E0201A901A98AE321A8816101200DA90106810101660239971939F705A089A889610121107EA5FB5EE07208F85401EC557EB5A881A10967086080A009F80600A80961012020FBE2B88F0000ECEE610E1505D9FE0039AF05A809660239521939B205E301EC01610121127EA5FB5EE07208F85401EC557EB5670267027100DCA201A081A88161011D05A2FE00A881FBE2888F00000684E11F3E060038A300398E12A881E5100505FBE280700000E4E004FBE284700000E4E00339A612A9090685010410A909068501031DF806010CF80600EC016101163E06022E65FBE2B070000006850E052136A881AA91610121293E06033E05
:FF577E0001002E19A88106890101591E58611E1E3E06022E38A8096211A009A80961012BE52E2A3E06022E25FBE29C70000006850E0516A90961011DF806010CF80600EC016101153E06040C3E0601A981A18967097100ECA10139E311A90161011AFBE2888F0000E0E00CE10004EC01A081E5100B0139FA11A809A08967057100E8A109FD6A0EFD67EE64FE61AE290605ABFD0039DEFAA009A90961011AFBE2888F0000E0E00CE10005EC01A089E5100B02A8096DC16841FD6A0E742EFFFFFFF057E1FD6810A881A10167067100E0A189A1823E0200A98161A12306055FFD00A98161A123053E0609395411A9896101210CFBE2888F0000E4E0010DE5000701A809A142
:FF587D0009E5101304A901068501063AD300A98106850104A9092522FBE2888F00000684E12024A981FBE2888F0000ECEE0685E10B23143E02012E0FFBE2888F00000684E11C3E0201A909E5100B03A909AC9A0685120B1FA981A90AA2A9A981A90AA4A9A909A9917DF1210C66A106810106A90AA1A1A889751114FBE2906F00004B1EA90906851E051DF806010CF80600EC0161012039A909624105F8D8FFA909AA99FBE2988F00000684E1250DA909FBE2988F0000E11E0BA90AAAAB751314FB12906F00004B316242053AD8FFA881610120107EA5FB5EE07208F85401EC557EB5398F1067087100F0A089395210A88961011AFBE2888F0000E0E00CE10003EC01A082
:FF597C00816241058DD8FFA881AA91610112A881711118057DD8FFA8826242FB12B070000005E0D7FF3E01002E1FA88106890101591E58611E210CA88106890101F9145800A8096211A009A80961012BDF392110FBE29C8F0000ECEE610E1239E00F392B0D390D10A881FBE2888F00000684E12150FBE29C8F0000ECEE610E2021FBE2B88F0000ECEE610E1505B1FB007EA5FB5EE07208F85401EC557EB56704FBE2B0700000ECEEFBF2908F00000684FE210DFBE2888F0000F8E6006704397206670467047100ECA1013E0200E5000401A90161011D0567FB00A809FBE2B070000006851E051DF806010CF80600EC0161012032A809FBE28870000006851E0A1DF80622
:FF5A7B00010CF80600EC0161012118A809AA9161011DF806010CF80600EC016101143E0201A881A089670560C0A081A009A88161011D0508FB00A809FBE2888F00000684E112A809610115F806010CF80600EC016101206A39E80EA8093969FF61012059A8096241052DD7FFA809AA99FBE2988F00000684E1250DA809FBE2988F0000E11E0BA80AAAAB751314FB12906F00004B316242056FD6FFA809AA99FBE2888F0000ECEE0685E10B23107EA5FB5EE07208F85401EC557EB539B80E670367037100ECA1013E0200E5000401A90161011D056BFA00FD6A0EFD67EE64FE61AE2906055BFA00398EF7E301A80939D8FE61012072FBE2B88F0000ECEE610EA80A215799
:FF5B7A00AAA9FBE2888F0000ECEE0685E10B230E3E0201FBE2A48F0000F8E601A80962410572D6FFA809AA99FBE2988F00000684E1250DA809FBE2988F0000E11E0BA80AAAAB751314FB12906F00004B31624205B4D5FF2E0F712218FB128870000005A5D5FFEC016DC16841FD6A0E742EFFFFFFF057E1FD6810A881A089670560406080FB12B48F0000A009F80600660475438CFB22941AF8FFFB128A64F8FF39EBF66280E301EC0161111F05C71400E301EC0161112132FD6A0EFD67EE64FE618E2A05757009FBE2B08F0000F8E6FFFBE29C8F0000F8E601FBE2948F0000F8E60005F3DAFF2E0CEC017501FF1D0551F900FBE2E40AF8FFECEE6701FD6A0EFD67EE649D
:FF5C7900FE618E2A05757009FBE29C8F0000F8E60005E4DBFF02FBE2B88F0000ECEF621FE3EF027100EC3E03003E0200FBE2B88F0000ECEE610E1D0505F90039030DFBE2B88F0000ECEF601FE3EFFBE2B88F0000ECEE610E3BE900FBE2908F0000ECEE610E216C38DA00FB1288700000A899E5100303A889711118051CD5FFA88962410514D5FFA889AA99FBE2988F00000684E1250DA889FBE2988F0000E11E0BA88AAAAB751314FB12906F00004B3162420556D4FFA889AA99FBE2888F0000ECEE0685E10B230BFBE2A48F0000F8E601FBE288700000ECEE610E1DF806010CF80600EC0161012083A88961011439A209FBE2A08F0000E4E001A8096101202639B0016C
:FF5D7800610112FBE2A48F0000F8E601A8096011A009A809610121E7FBE2A08F0000F8E600FBE2A48F0000ECEE610E20133E02017EA5FB5EE07208F85401EC557EB539340CA881A10167056080FBE2948F0000E0E0EC01A009670260C0FD6A0EFD67EE64FE61AE290605D8F700F80600FBE2948F0000E4E001A809A08167036040FBE2908F0000ECE1E30167017100F0A08961011AFBE2888F0000E0E00CE10003EC01A00961011D0599F700A809711134A08167047100E8A109A102A08B3E0100F8060A3957FEA901FBE2908F00000684E1220538A600EC016011E301A80975112406890105EC03751314FB22906F00004B32661339B30706890101A009EC01610121C8
:FF5E7700D5A80975112406890105FBE280700000ECE2662339910706890101A009A80975112406890105FBE284700000ECE2662339750706890101A009A809751124068901056643FB229C700000395B0706890101A009A809751124068901056633FB22B070000039410706890101A009A889610116A889F8160039AEFDA809A081670660C0A081FBE2B88F0000ECEE610E1505AFF6003985FDFBE2A08F0000A8810688E1E3E13982FDE301EC01A00967037100E43E0300FBE2B88F0000ECEE610E3B5D01FBE2948F0000ECE16211A081FBE2948F0000E10E02A88161012142FBE280700000ECEEECEE610E1DF806010CF80600EC0161011D0549F600FBE28070000073
:FF5F7600E4E001FBF284700000E0FEE10F01FBE2A88F0000ECEF621FE3EF397507A881FBE2B08F00000684E1230538A20038B100F806010CF80600EC016101200EFBE2B08F0000F8E6FF389800FBE280700000ECE1A899E5100305A909E5100104A88106850104220DFBE2B08F0000E10E042E70A90962410522D2FFA909AA91610112A9097111180512D2FFA909AA99FBE2988F00000684E1250DA909FBE2988F0000E11E0BA90AAAAB751314FB12906F00004B3162420554D1FFA909AA99FBE2888F0000ECEE0685E10B23053E0301FBE280700000ECEEECEE610E3A58FF3859FFFBE2888F0000ECE1AA99751114FBE2906F00004B1EECEE612E23053E0301FBE2A0A4
:FF6075008F0000ECEE610E1D0551F500FBE2A48F0000ECEE610E20173E03012E12FBE2A08F0000ECEF621FE3EF0530F500A889A18167077100ECFBE2B88F0000ECEE610E200DFBE2A48F0000F8E6016705FBE2A48F0000F8E600FBE2888F0000ECEEE5E00C04F90203A5A5A5A5A901EC1E740EA5A5A5A51AA901A8190685010315F806010CF80600EC0161011AA901A8910685010315F806010CF80600EC0161011AA901A8990685010315F806010CF80600EC0161012013FBE2888F0000ECE1ECE271223405AEF400FBE2988F0000E4E0022E0F61011D056DF400A8816011A081A881751114FBE2906F00004B1EECEE610E1DF806010CF80600EC016101A88121D475CB
:FF6174001114FB22906F00004B12A00AA829E5120101A809711E0806851E0119A809A81AE5210101A809A819FBE2888F0000E11E03FBE2988F0000E10E0267056080A009E302A80961011D05FAF300A809FBE2888F0000ECE271221805E8CFFFEC01661239650E670260C0A081A00AE303A88161011D05CFF300FBE2B88F0000ECEE610E1D05C0F300FBE2888F0000ECE1A80A79F2A192A881FBE2888F0000ECE27122180569CFFFEC016612391D0E670360C0A081A00AE303A88161011D0587F300A881FBE2888F0000ECE2712218053ECFFFEC01610115F90601FFEC02A80939E90D67037100F0A089A899E5100301A80961011D0550F300A809711118059ECFFFFB23
:FF627300E2B88F0000ECEE610EA80921396241058ACFFFA809AA99FBE2988F00000684E1250DA809FBE2988F0000E11E0BA80AAAAB751314FB12906F00004B31624205CCCEFF2E11EF12712218FB128870000005BBCEFFA809AA99FBE2888F0000ECEE0685E10B250FF80601FBE2A48F0000F8E6010CF80600EC01A081670460C0A081A00AFBE2B88F0000ECEE610E1D05B6F200A80979F1A882E321A881E11003EC0161011D05A0F200A88105F1CEFFEC01624105E9CEFFEC01AA99FBE2988F00000684E1250DEC01FBE2988F0000E11E0BEC02AAAB751314FB12906F00004B316242052BCEFFEC01AA99FBE2888F0000ECEE0685E10B250DFBE2A48F0000F8E6016700
:FF6372000367036040E30161011D0539F200393706EC01FBE2A88F0000E0E1EC01FBE2948F0000E4E10139520667016040E301FBE2A88F0000E0E1EC01FBE2948F0000E4E10167017100E4A181A10AA98161011D05F3F100A90961011D05EAF10039E805FBE2948F0000E4E002A881A98206812101A009A909EC1E750EFF1E3E03002E52FBE2A88F0000ECEEA98106841E2010A981A882068512012306F806010CF80600EC016101200C3E0301A909F816002E22A909A80A0684122213EC1E06810E01E31EA9813968FF3E03000FF816003E030139A805A889A1016707FBE2A48F0000F8E601027100F0A0896101200CE10003EC01E51012010C3E0100A809A08167040E
:FF64710060C0A081A00AA8816101200DE10002A809EC02A4A1670367036040E3012E147EA5FB5EE07208F85401EC557EB5052FF100398500FBE2906F0000ECEE611E24E12EED6040F806002E19EC02751214FB12906F00004B210589CCFFEC016211E301EC0161A123E5FB12587000000573CCFFFB126C7000000569CCFFFB1288700000055FCCFFFB129C7000000555CCFFFB12B0700000054BCCFFFBE280700000FBF258700000E3EFFBE284700000FBF26C700000E3EF670160402E38398C04FB129C700000A899E11003EC01624105CFCCFFFBE2908F0000ECEF601FE3EFFBE28C8F0000ECEF601FE3EF399104EC01399301FBE28C8F0000ECEE610E21C067017E9B
:FF657000A67100E8A109A102A08BA084A90961011AFBE2888F0000E0E00CE10005EC01A009A902E321A809711134A902A029A809A902E5120B04A809A902E5120C07A809A902E5121102A809A902E5121305A9013E1600A88161512032A809FBE2888F00000684E1A9011E3E13002E28E5010203A8816131211E39A9F6A809AA91610116A9013E130239A7F60AA809A906390AF1A0E9A8896101A906200EA809AB11398E0094613F66073DE0003F66077100DCA201A18AA1833E0200A989EC1E610E2068A989A009A81AE5210101A809711E0806851E0119A809A81AE5210101A809A819E5100303A989E301A81AE5210101EC01711E0806851E0119EC01A81AE521010A
:FF666F0001EC01A819A899A101A88275122406890208A984661339EAFEA8816211A081A9010685010321C0A881A109670960C0A081F806002E0EA8816211A081EC016211E301A881581E755EA520EDEC016821E301EC019089B88967037100E8A10961011AFBE2888F0000E0E00CE10005EC01A089E5100C02A88139B6FFA009A809A10167066040E301EC01AB110515CDFFEC01050FCDFF67016040FBE280700000ECEEECEE610E1DF806010CF80600EC016101200DFBE2B08F0000F8E6FF6701FBE280700000ECE1A899FBE2B08F0000E01E67016080FBE2888F0000E0E0EC01A00967026080FBE29C8F0000ECEE610E1EF806012E14FBE2B88F0000ECEE610E1DF805
:FF676E0006020CF80600EC01A00967027100ECA101A0813E0100A90161013ABE00A881AA99FBE2888F0000ECEE0685E10BA8812305389400A9917DF12114A881FBE2888F0000ECEE66A20681E20BA192A881AA9A751214FBE2906F00004B2E06851E051DF806010CF80600EC016101A88120476241052DCAFFA881FBE2888F0000ECEEE5E10B0BA881AA99FBE2988F00000684E1250DA881FBE2988F0000E11E0BA882AAAB751314FB12906F00004B3162420561C9FF2E0EFBE2888F0000ECEEE5E10B0B3E01012E15AC99FBE2888F0000ECEE0685E10B22053E0101A809A08967057100F0A089A009F80600A88961013A8200A809FBE2888F00000684E115054CED00AA
:FF686D00A809AD1161011D0541ED00A809AD126012A512A809AA9A068512132054A809AD116101214CA80962410576C9FFA809E511130BA80966A20681120BA192A809AA99FBE2988F00000684E1250DA809FBE2988F0000E11E0BA80AAAAB751314FB12906F00004B31624205A8C8FFF80601EC01A08167047100E4A181A10AE50006043E0101A98161013AC100A901AD1161011D05B7EC00A901AC99068501052207E50005020FA901E5101302A901AA99068501023A9600A901AD11068501013B8B00A901FBE2888F00000684E11D057CEC00A901E5100B03A881A902A2A9A901A9917DF1210C66A106810102A902A1A1A889751114FBE2906F00004B1EA9010685BA
:FF696C001E051DF806010CF80600EC016101203BA9016241058CC8FFA901AA99FBE2988F00000684E1250DA901FBE2988F0000E11E0BA902AAAB751314FB12906F00004B31624205CEC7FF67076707FD6A0EFD67EE64FE618E2A05757009FBE29C8F0000ECEE610E2019FBE2888F0000ECE1AC126212A412FBE2888F0000ECEE0202FBE29C8F0000ECEE610E202FFBE2888F0000ECE1AC1161012021FBE2888F0000ECE1AC126012A412FBE2888F0000ECE1AC1161011D75700002026080FBE2888F0000ECEEE1E006FBE2888F0000ECE1ECEE66A20681E20BA192EC01A00967026040FBE2888F0000ECEE610E2010FBE2888F0000ECE1AD126212A512FBE2888F00001F
:FF6A6B00ECE1E30167017100ECA101A08AA083A9016101150536EB003934FFFBE2888F0000ECE1A9026C224B21AD196101212DFBE2888F0000ECEE06890E04F9E45801A88161012017A88166123985057EA5FB5EE07208F85401EC557EB53925FF39EFFEFBE2888F0000ECEEA9016C214B1EE1E015EC016101202FA88961012015FBE2888F0000ECE1A9026C224B213E95002E16FBE2888F0000ECE1A9026C224B21EC026012A51AFBE2888F0000ECEE06890E04F9E4580039CBFEEC01A00967057100E4A181A10AA103A08CE5000802A9816101150579EA003977FEFBE2888F0000ECEE06890E0659EE58612E2045FBE2888F0000ECE1A9826C224B21A90A7E020691B3
:FF6B6A001215A51AFBE2888F0000ECEE06890E06F9E45801A88161012017A881661239B1047EA5FB5EE07208F85401EC557EB53951FE391BFEA88961012015A889FBE2888F0000ECEEA9826C224B2EE1E115FBE2888F0000ECEE06890E0659EE58612E16F806002E1DFBE2888F0000ECE1A9826C224B21A9027E0206911215A51AF80601FBE2888F0000ECEE06890E06F9E4580039F0FDEC01A00967077100DCA201A18AA183A10CE5000A043E0101A989610115059BE900AA0161011D0592E900E5000802398CFDA9016101200FA9896C2106890102A902E11215A88106890107C5105803A88106890107F9145802A9096101206A6141203E6121201C61312028611108
:FF6C6900214BA9896C2106890102A98206951215A51A2E48A9896C2106890102AD1A6212A51A2E38A9896C2106890102E50106152E2AB08961212010A9896C2106890102E50106152E163E01002E11FBE2948F0000ECEE610E1505F6E800B08961112164A8816241053FC5FFA881AA99FBE2988F00000684E1250DA881FBE2988F0000E11E0BA882AAAB751314FB12906F00004B3162420581C4FFA881AA9161011505AEE800A881AA99FBE2888F0000ECEE0685E10B25107EA5FB5EE07208F85401EC557EB539BFFCA809A08967097100D4A281A20AA203A18CE5000C06E5000D053E0101AA8161011D0566E800AA09610115055DE800FD6A0EFD67EE64FE61AE2906BD
:FF6D6800054DE800E5000A03397CE5E301A9816101200FAA096C2106890103A982E11215A88906890109C510580BA88906890109F9145802A9896101206A6141203E6121201C613120286111214BAA096C2106890103AA0206951215A51A2E48AA096C2106890103AD1A6212A51A2E38AA096C2106890103E50108152E2AB28961212010AA096C2106890103E50108152E163E01002E11FBE2948F0000ECEE610E1505AFE700B28961113B8700A889AA91610115059DE700FBE2B88F0000ECEE610EA8892139624105E0C3FFA889AA99FBE2988F00000684E1250DA889FBE2988F0000E11E0BA88AAAAB751314FB12906F00004B3162420522C3FF2E11EF12712218FB16
:FF6E670012887000000511C3FFA889AA99FBE2888F0000ECEE0685E10B2515A909610116A909F81601FBE2A48F0000F8E601EC016DC16841FD6A0E742EFFFFFFF057E1FD6810A809A101670B7100E8A109A102A08BA90961011D05F8E600A90161011505EFE600FD6A0EFD67EE64FE61AE290605DFE600E5000502390EE4E301A88106890104C5105807A88106890104F9145802A9016C2106890102AD1A6212A51AB18961113B8700A881AA9161011505A2E600FBE2B88F0000ECEE610EA8812139624105E5C2FFA881AA99FBE2988F00000684E1250DA881FBE2988F0000E11E0BA882AAAB751314FB12906F00004B3162420527C2FF2E11EF12712218FB12887000E3
:FF6F6600000516C2FFA881AA99FBE2888F0000ECEE0685E10B2515A889610116A889F81601FBE2A48F0000F8E601EC016DC16841FD6A0E742EFFFFFFF057E1FD681067067100E8A109A1026102150505E600A90961011AFBE2888F0000E0E00CE10005E4000239EFF9A88106890104591E58612E2110A88106890104F91458003E01010C3E01003901FAA809A08967067100E4A181A10AA103A98161011AFBE2888F0000E0E00CE10006E4000239A8F9A9096C2106890102E5101501A9017E01A90A6C220689020206912115A52939BAF9A809A08967077100ECA101A08AFBE2948F0000E4E001FBE2888F0000ECE1624105B9C1FFA9017501FF1AA889610115F8060123
:FF7065000CF80600EC0161012018FBE2888F0000ECE26242FB12B070000005FEC0FF6705A80906890104A081FBE2888F0000ECEEE50E0201A88106850101221AFBE284700000ECE1FBE2888F0000ECE262420501C1FF6705FBE280700000ECE1FBE2888F0000ECE2624205E9C0FFA881FBE2B08F00000684E1220DFBE2B08F0000E10E02670567056080F8060039D105FBE2BC8F0000ECEE610E20286080FB12C08F0000A009F80606660475438CFB229C1AF8FFFB126773F8FF05E6E1FF6280E301EC0161011D058DE400EC01A00967027100E4A181A10AA103A08CE500080275412C0505C1FFE301EC0161012020EC01F9142800EC05ED0F02A88CA903A90AA9816092
:FF71640080A00DE30F390B006280EC01A00967077100E8A109A102A08BA084E5000701E10008A90161011D052AE400EC0161012031392A05A909EC02E321A901EC02A1A1A881EC02A1A9A809EC02A221EC01624105C0BFFFA889610110EC01F11228670667067100D4A281A20AA203A18CE5000C063E0400AA8161011D05D8E300FBE2BC8F0000ECEE610E2053E10009E5000801E5000A02AA0961512A2E0552F5FF6121FBE2BC8F0000ECE12110A9836604EF0205E8C8FFA1012E246603EF02EF3405DAC8FFA1012E16FBE2BC8F0000ECE1A98B6604EF0205C7CAFFA101A901A109670B6040FBE2C08F0000ECEE610E1D0564E300FBE2C08F0000ECE1E301670160C069
:FF726300A081E301A88161011D0549E300EC01A991A009670360C0A081A00AE10002A88161011D052FE300052DF7FFA8096101EC01591E2817782EC71E2808762EFB00C71E280545F7FF67037100F0A089A009A88961011D05FEE20005FCF6FFA809F512281DF806000CF80601051EF7FFEC01A08167047100F0A089A009A88961011D05D3E200A809E11001EC01A081670460C0A081E301A88161011D05B9E200EC01EC11A00967037100F0A089A082FBE2EC700000ECE1A899E11003EC01624105ECBEFFEC01F512282033A88CEC03EF4206893206A88339460161012023A88BEC016040F806006602EF24397BFE6240A009A809610119055EE2000CF11828EC01AAA5
:FF736200127F12670460C0A081EF0139A300A009EC02A809390800397A012EEF7100ECA101A08A050AE9FF71010439BE00A081A80961012173A8896101210EA901068501022406F806010CF80600EC016101200F05EAE8FFA882A901394EFF6705A88961012019FBE2F0700000ECEEECEE610E1DF806010CF80600E40003A90206810202FBE2BC8F0000ECE1A88B054AD4FF05ACE8FF610121187EA5FB5EE07208F85401EC557EB567050594E8FF670567057100F0A089FBE2EC700000ECEEECEE610E1DF806010CF80600E001A889EC1E610E2110FBE2EC700000ECE1A899E410010C3E0100A809A081670460C0A0810571E9FFE301FBE2C48F0000EC010684E1220B10
:FF74610039AA01A881F816010EA881F81600FBE2C48F0000E00EEC01A00967037100E4A181A10AA103A08C3E0100A909A982A029A981A111A90106850105A88A23234321A9820685210623073E01012E41FBE2F0700000ECE1A982624205FABCFF2E2F4721220EA909068501032306F806010CF80600EC016101163E01012E12FBE2EC700000ECE1A982624205CBBCFFA809A08167077100D838FD00A98169F16101201A71011CA009A80961011D05AAE000A80BA8B2A839EC3E7F1EA9816101260538D400E5000805A909A91961011DF806010CF80600EC01610119A909624105CFBCFF7101103906FFA081A98161912071613120666141206961513A8C00711EFA6134
:FF7560002E230D6181205261212505388800A909F11028A98CA909EF4206891206A88339FEFE6101206FA909AA127F12A909F512282062A909A993068903076040F806006602EF243922FC6240A089A889610121440504E0002E3EA909F118282E37A909F11028A989A90AA1A1A909A99161011D05E5DF00A883A909EF3206891206EF34399DFE2E10A909F511281E0523BEFF0CF11828FBE2BC8F0000ECE166037102180550C9FF61013BF3FE670A7100E82E73A899E41005FBE2EC700000ECE1A899E5100302A881624105E5BBFFA881AA127F12A881F51228204BA881A99106890105A101A90106850105A881251CE5010401A881A111FBE2EC700000ECE1A8826280
:FF765F00420554BBFF2E1DA90B6040F806006602EF243955FB6240A009A80961011D0538DF00FBE2EC700000ECEEECEE610E1DF806010CF80600EC016101FBE2EC700000ECE13A6FFFA089FBE2EC700000FBF2F0700000E0FEFBE2F0700000E10E03670605F8F2FFFBE2BC8F0000ECEE610E2145FB12C4700000057BBAFFFB12D87000000571BAFFFBE2EC700000FBF2C4700000E3EFFBE2F0700000FBF2D8700000E3EF66037542106651052DC2FFFBE2BC8F0000E3E105D8F2FF027100F0A089E301A88961011D0592DE000590F2FFEC01F510281D3E01000C3E010105B2F2FFA809A08167047100F0A089A009A88961011D0567DE000565F2FFA809E11007058FF2B7
:FF775E00FFEC01A081670460C0A081A00AE10002A88161011D0542DE000540F2FFA809EC02A1A90569F2FF67037100D8A209A202A18BA184F90601FEE5000902E5000803E5000704FBE2BC8F0000ECE1A9836604710204054EC5FFE301EC01A109670A7100D8A209A202A18BA184FBE2BC8F0000ECEE610E1D05E2DD00F90601FFE5000902E5000803E5000704FBE2BC8F0000ECE1A98366047102040506C3FFE301EC01A109670A6080A009AA19E30167026080A009E302A809A21A67026080EF02FB12F4700000055E1A01A009A809670260C0FBE2A41AF8FFC4E003FBE2A51AF8FFC4E002FBE2A61AF8FFC4E001FB12F47000003C1200FB12F47000003C1300FB12F9
:FF785D00F4700000FB221878F8FFA01AFB12F47000003E1201FB12F47000003E1301FB12F4700000710201A112FB12F4700000710202A11AFB12F4700000710203A192FB12F470000005B81401A009FB12F4700000058D1601A009A8096101210EFB12F4700000B091612121F6C500010BB28967036E687100F03C0E00FBE2A71AF8FFC4E007FBE2A81AF8FFC4E006FBE2A91AF8FFC4E005FBE2AA1AF8FFC4E004FB12F4700000055A1401A0813982028381B38175513320186040FBE2AB1AF8FFE30E056A590162403C0300389D00B182B18939D201B102B10939CB01393703056EDE00754120398B00EF16754122398300EF17754124397B00EF187541383973007102
:FF795C0000ECFBE2D01AF8FFE30EA101E70803A087A00E0517590171001475413A395200EF1675413B394A00EF1775413C394200EF1875413D393A007100ECFBE2F91AF8FFE30EA101E70803A087A00E05DE58017100146040FBE2261BF8FFE30E05CD580162403C0301C500030FB3893F680760C08289FBE24B1BF8FFC4E003C5000B02FBE24C1BF8FFC4E001FB12F47000003C1200FB12F47000003C1300FB12F4700000FB221878F8FFA01AFB12F47000003E1301FB12F47000003E1201FB12F4700000710202A11AFB12F4700000710201A112FB12F4700000710203A192FB12F470000005FD1401A009A809610116F804FF2E11FB12F4700000B091612121F6C102
:FF7A5B000001C4000AB28167037100EC8489A08A828BFBE24D1BF8FFC4E0037541805501138081FB12F47000003C1200FB12F47000003C1300FB12F4700000FB221878F8FFA01AFB12F47000003E1301B289FB22F4700000A0A1FB12F4700000710202A11AFBE2F4700000E50E0304FB12F4700000710203A192FB12F470000005641401A009A8096101163C01012E11FB12F4700000B091612121F63C0100C500010AB281670560C082898282FBE24E1BF8FFC4E003C5000B02C5000A01FB12F47000003C1200FB12F47000003C1300FB12F4700000FB221878F8FFA01AFB12F47000003E1201FB12F47000003E1301FB12F4700000710201A112FB12F470000071025F
:FF7B5A0002A11AFB12F4700000710203A192FB12F4700000059E1201A009A8096101210EFB12F4700000B091612121F66703604066F1393FFE8089B08967017100E4A181A10AA103FBE24F1BF8FFC4E007FBE2501BF8FFC4E006FB12F47000003C1200FB12F47000003C1300FB12F4700000FB221878F8FFA01AFB12F47000003E1301FB12F47000003E1206FB12F4700000710206A11AFB12F4700000EF02A112FB12F4700000710207A192FB12F470000005331301A081FB12F4700000B091612121F6B0096C815401A982D321B0896C81550102A90AD321B1096C81550104A902D3213C0F01B389670775425775412039B7FE75428875412339AEFE75424075412293
:FF7C590039A5FE6040FBE2511BF8FFE30E05205601624002754257754120398BFE7542887541233982FE7542407541223979FE7542FF7541303970FE7542147541323967FE66A2754133395FFE7542827541253956FE6040FBE2681BF8FFE30E05D15501624002754227754120393CFE66027541233934FE754240754122392BFE75422A7541303922FE7542287541323919FE66A27541333911FE66827541243909FE6040FBE29E1BF8FFE30E0584550162400260C0FBE2CB5D000058EE611E3BCD0175413139B0FC828975413039A8FC828175412439A0FC82097541253998FC8201B2896080A009FBE2C81BF8FFE30E054055016280F5060B3A9301F5050B20126095
:FF7D580040FBE2DF1BF8FFE30E052555016240F5040B20126040FBE2EC1BF8FFE30E051055016240F5030B20126040FBE2F81BF8FFE30E05FB54016240F5020B20126040FBE2051CF8FFE30E05E654016240F5010B20126040FBE2111CF8FFE30E05D154016240F5000B20126040FBE21E1CF8FFE30E05BC54016240F5070A200FB28175213F75513F1DF806010CF80600EC016101200FB28975213F75513F1DF806010CF80600EC01610120126040FBE22A1CF8FFE30E057B54016240F5070A210E754E3FFC310E0B15F806010CF80600EC01610120126040FBE2441CF8FFE30E055154016240F502083A99007541313987FB8189F5050720126040FBE25B1CF8FFE390
:FF7E57000E052E54016240F5040720126040FBE2731CF8FFE30E051954016240F5030720126040FBE28B1CF8FFE30E050454016240F5020720126040FBE2A31CF8FFE30E05EF53016240F5010720126040FBE2BB1CF8FFE30E05DA53016240F5000720126040FBE2D31CF8FFE30E05C5530162406040FBE2EB1CF8FFE30E05B553016240FBE2CB5D0000F8E4006703670360C0FBE2CB5D000058EE611E3B0B01FBE2CB5D0000F8E40075413139CCFA828975413039C4FA828175412439BCFA820975412539B4FA8201F5000BFCD10107F5020BFCD10106F5040BFCD10105B189610112B181610115F806010CF80600EC01610112B109610115F806010CF80600EC0161A4
:FF7F560001201AFBEE21C00858EFEFF57A45684F641FFDE0FF6C4F57F5C3E5754E3FFC310E0B2039B189610112B181610115F806010CF80600EC01610112B109610115F806010CF80600EC01610115F806000CF80601EC01610115F806010CF80600EC016101201AFBEE22C00858EFEFF575257F687F6C7FFD74DF8057F5C3E5F50108201AFBEE2EC00858EFEFF57A45684F641FFDE0FF6C4F57F5C3E5F503091175413139D5F967036703FBE2CB5D0000F8E401FBE2815E0000F8E401FBEE21C00858EFEFF57A45684F641FFDE0FF6C4F57F5C3E5027EA66080FB12C8880000AE997F11A009FBE228710000ECEE612E200CFB12E80AF8FFAA997F11FBE250740000ECEA
:FF805500E2FB1228740000050F9B00FB122874000005029700FBE254740000ECE2FB123C74000005F39A00FB123C74000005E69600FBE228710000ECEE612E200DFBE2F15D000058EE611E1DF806010CF80600EC0161012036FBE254740000ECE6FBE26077000006C9E6215DE222FC07210547C200EF624B12FB1258740000059B9A00FB1258740000058E9600FBE2235B0000FBF2225B0000C0FEFBE29C76000058EE610E2126FBE2235B000058EE6C3EFB121C9000004BE1B11963C1FB22E08F00004B12E50201012E30FBE29C76000058EE611E2124FBE2235B000058EE6C3EFB122C7100004BE1B11963C1FB22349000004B12E5020101FBE2CC730000E10E01FB9B
:FF815400E2F15D000058EE610E211AFB12887400003E1100FBE2F65D000058EF621FC3EF3F66033F66036040FBE240900000ECEF786FE3EFFBE2F15D000058EE610E1439D514FBE2FB5D000058EE610E2111FBE228710000ECEE612E1DF806010CF80600EC0161011439A013FBE2245B0000F0E1FBE2245B0000F0E36612FB12D473000005979900FB12D4730000058A9500670172002CFFE70134D70267D70366C704CBF904C800F904C700F9063000F904BF00F904BEFFF904BD00F9062E00F9062D00F9055900F9055800F9055700F9062A00F9062900FB12CC5D0000E70128FB12DC5D0000E70127F9049B00F9049A00F9054C002E255D014CED0234FEC2116080CE
:FF825300A009FBE2081DF8FFE30E052950016280DD014C6211D7014C5D014C06C5016729D66040FBE20D1DF8FFE30E050850016240FB12887400003C1A00FBE26C740000D50E6609FBE26C740000C50ECB14FBE26C740000FBF2FB5D0000C4FE15FB126C7400003C1900FB126C7400003C1800FB126C7400003C1B00FB126C7400003E1300FB126C7400003C9000FB126C7400003C9100FB126C7400003C9600FB126C7400003E1600FBE26C740000F8E600FBE228710000ECEE612E200CFB12E80AF8FFAA997F11FB123C74000005BE96005901C7ED0234FEC211C701CA5901C76211C701C7754EFF510ECA685E617E3AA008613E3AF402615E3AEF02611E3B370A0564
:FF83520044B800FBE2EF5D000058EE611E3A3E0AFBE218710000ECE35D0267ED0134FB42045A00006214621160125F2205924D00FBE2045A0000C10ECAFBE218710000ECE35D016760415F127204B800FB12045A0000050F4D00FBE2045A000006C90E67FBF6FCFECEF10695012DE7012DFBE2045A000006C90E67FBF6FDFECEF16C810695012DE7012DFBE2045A000006C90E67FBF6FEFECEF16D010695012DE7012DFBE2045A000006C90E67FBF6FFFECEF16D810695012DE7012DED012EED022D60C0A081A00AFBE20F1DF8FFE30E05684E0162C0ED012D0685012E3BF801FBE21C7100005CE3FBE218710000ECE16040FBE2DC5D0000E30EFB22045A00006212FB9B
:FF84510042CC5D0000050F4D006240FB12045A0000B111FBE220710000E3E1FB12045A0000B1196C81FBE2207100000694E1E3E1FB12045A0000B1916D01FBE2207100000694E1E3E1FB12045A0000B199FBE224710000E3E1FB12045A0000B2116C81FBE2247100000694E1E3E1FB12045A0000B2196D01FBE2247100000694E1E3E1FB12045A0000B2916D81FBE2247100000694E1E3E1FB12045A0000B29968416471FB226C7300008629FB12045A0000B29964F1FBE26C730000C7E120FBE29C76000058EE611E2119FBE26C73000059EE20613E210CFBE26C730000F9E42008FB12045A0000B31164F1FB226C730000A0A1FB126C730000A89161011AFB126C7315
:FF85500000003E1201FB126C73000006A1151E02FD723E00007A44FCA7E2A092FB126C73000006A1151E02FD722E00007A44FCA7E2A09AFBE29C76000058EE611E21715D016760117551112967F9049450FBE240900000ECEF785FE3EFF9048F03F9048E002E3AFB12045A000049018EB3926C8255120DB3996D015712751264E70224ED0325ED022459018F39454159018F6211C7018F59018E6231C7018E59018F618129C3FBE240900000ECEF7A5FE3EFFB12B07400003E1100FBE2EF5D0000F8E401FBE26C730000FBF29C730000C5FE0101387D07FB12B07400003E1105FB129C7400003E11053868075901C7ED0234FEC211E701305901C76211C701C75901C788
:FF864F00ED0234FEC2116C8106950130E701305901C76211C701C75901C7ED0234FEC2116D0106950130E701305901C76211C701C75901C7ED0234FEC2116D8106950130E701305901C76211C701C7FBE224710000ED01300684E12059FBE2D08F0000E4E0292E32ED0129ED02300684122120F9049B01ED01296241E70128ED0129711114E70127ED0129E510092A2E10ED0129E5100A29ED0129610121CB59019B6101212FFB126C7400003E11083980FA6735F9049B00FB12CC5D0000E70128FB12DC5D0000E70127FBE2D88F0000E4E02A5901C7ED0234FEC211C701C95901C76211C701C75901C7ED0234FEC211D701595901C76211C701C75901C7ED0234FEC28B
:FF874E00116C8106D50159D701595901C76211C701C75901C964F16281C701BF5D016706890134FBE6FCFEC1E10695012DE7012D5D016706890134FBE6FDFEC1E16C810695012DE7012D5D016706890134FBE6FEFEC1E16D010695012DE7012D5D016706890134FBE6FFFEC1E16D810695012DE7012DED012AD701585D015906C10158D701575D01577601FF7F2A42ED012A06C90157E7012AED022AED0430ED03285D0567ED013460C0720FC400E70F02A00AF8040160455F520530460062C0ED012D0685012E214EF9049A012E48ED012A064901577311000001E70122ED0222ED0430ED03285D0567ED013460C0720FC400E70F02A00AF8040160455F5205EB450097
:FF884D0062C0ED012D0685012E19F9049A01E500222A5D015776010040291AFB126C7400003E1107FBE26C740000E50E2A0639FFF8673559019A61113B4C03FB126C7400003E1100FBE26C740000C50E9B085901C968416411FB226C74000082A9FB126C7400003E1300FB126C7400003C9000FBE26C740000E50E2A06FB12887400003E1100FBE2DC8F0000F8E600FBE2F55D0000F8E40059019B6111214EFBE26C740000F8E602ED0129AA190685012A210EED0129AA19610115F806010CF80600EC016101201AFB126C7400003E1106FBE26C740000E50E2A063956F86735ED012AED0229A22938A600754EFF510ECA685E615E2140FBE2F25D0000F8E401FBE26C37
:FF894C00740000F8E601FBE2D88F0000ECEE06850E2A2111FBE2D88F0000ECEE610E15F806010CF80600EC0161012058F904C8012E52FBE2F25D0000F8E400FBE26C740000F8E600FBE2D88F0000ECEE06850E2A2111FBE2D88F0000ECEE610E15F806010CF80600EC016101201AFB126C7400003E1106FBE26C740000E50E2A0639B1F76735FBE2D88F0000E10E2A5901C96851641161112129FB12887400003C1A01FB126C7400003C9601FB129C7600003C1701FB125874000005D88F002E27FB12887400003C1A00FBE2F95D000058EEFBF2F85D000044FE2B0CFB125874000005B18F005D016760414101BF61012A053863015901BFED0234FEC211C701BE5901BC
:FF8A4B00BF6211C701BF5D016760414101BFC701BDFBE26C740000C50EBE095901C964F15902BE610221496101213EED01344901BFED052AED0430ED03285902BD60C0FBF2045A0000E70F02A00DF8040105E6450062C05904CB5903BD6602FB12045A000039AC1A380501F904C80138FE0061012B145904CB5902BFED013460125B236682398C1AED01344901BFED052AED0430ED03275902BD60C0FBF2045A0000E70F02A00DF80401058D450062C05901C861013BB800FB126C740000FB22045A0000A09AFBE26C740000C50EBD10FB126C7400003C9101FBE26C7400006080E5E00301FBE2261DF8FFE30E055247016280FB126C740000B414A89BFB129C7600003D
:FF8B4A0071112F7542640591B8006101211F6080FB129C76000071112FA009FBE23B1DF8FFE30E0519470162802E126040FBE2561DF8FFE30E050747016240FBE29C760000F9E42E01FB12E80AF8FFAB1A66017F122E195901C964F161012B105904CB5903BFED0134668239A7195901C8610119FBE2245B0000F0E1FB12E80AF8FFAB1A66017F1238CF01FB126C7400003E110939A0F56735ED02344902C75D0367FB12045A0000053BB700FBE26C740000F8E603FB126C7400003E1100FB126C740000FB22045A0000A09A5D01674101C7FB226C74000084216040FBE2751DF8FFE30E055C460162406040FBE20D1DF8FFE30E054C46016240F90525002E2AFB126CD8
:FF8C4900740000A8995D0225FEC1216080A009FBE2081DF8FFE30E052646016280DD01256211D70125FBE26C7400005D012545E11029CC6040FBE20D1DF8FFE30E050046016240FB126C740000B412A89971035005AFA600A489AC8961013BC400AD016080A009FBE28E1DF8FFE30E05D2450162805901846080A009FBE2971DF8FFE30E05BD4501628066027543387101107F88A1029282C70244E5001404C50084443C0F002E52B389FDC31E7102504BE2B8A37100F0E5200203A083A009FBE2AA1DF8FFE30E057A4501710010B3896C31710254FF2E12D4E002B38B6C334B32E5200102710E104B1ED50E0202E50E0202B38962118389B38945018429AB710210FB64
:FF8D480012547800000582A700610120286040FBE2C01DF8FFE30E0527450162402E16AC896080A009FBE2DA1DF8FFE30E051145016280FBE2245B0000F0E12E1AFB126C7400003E110139ECF3FB12E80AF8FFAB1A66017F12FBE2FB5D000058EE610E2111FBE228710000ECEE612E1DF806010CF80600EC01610114399907FBE2245B0000F0E36612FB12D473000005988D00FB12D4730000058B89006735FBE228710000ECEE612E200DFB12E80AF8FFAA997F110C395F07FB12887400003E1102FB12B07400003E1102FBE2245B0000F0E302FBE228710000ECEE612E200DFB12E80AF8FFAA997F110C392A07FBE2FB5D000058EE611E2128FBE2F15D000058EE612F
:FF8E47001E1AFB12887400003E1104FB12B07400003E1104FBE2245B0000F0E30202FBE228710000ECEE612E200DFB12E80AF8FFAA997F110C39DD06FBE2FB5D000058EE611E2128FBE2F15D000058EE611E1AFB12887400003E1103FB12B07400003E1103FBE2245B0000F0E302026080FB12D473000005218B003C0700FBE2245B000058EE683E641E611E3BE803FBE240900000ECEE752E40755E40211AFBE240900000ECEF7A6FE3EFFBE240900000ECEF7A0FE3EFFBE2245B000058EE682E641E611E200FFBE2245B000058EE641E611E1DF806010CF80600EC0161012056FB1288740000A8196121200DFB12B0740000A81961211DF806010CF80600EC016101B9
:FF8F46002032FBE240900000ECEF7A0FE3EFFBE288740000FBF2F95D0000C4FE0BFB12887400003C1A00FB12887400003E13003C0701FBE2F15D000058EE610E1AB18961011DF806010CF80600EC0161013AD300FBE2245B000058EE682E641E611E213BFBE2B0740000ECEE610E212FFBE2F65D0000F8E400FB12B0740000A8196101211AFBE2F65D0000FBF26C730000C1FE18FBE2D48F0000F8E600FBE2245B000058EE682E641E611E200FFBE2245B000058EE641E611E1DF806010CF80600EC016101205FFBE2F65D000058EEFBF26C73000045FE182811FBE2245B000058EE681E641E611E1DF806010CF80600EC0161012025FBE2F65D0000F8E400FBE2DC8F32
:FF9045000000ECEF621FE3EFFBE240900000ECEF7A0FE3EF2E0DFBE2245B0000F0EB39A51CFBE2245B000058EE681E641E611E2172FB1288740000B29161112014FBE2F95D000058EEFBF2F85D000044FE2B06F806010CF80600EC0161012047FBE2FA5D0000F8E400FBE2F15D0000F8E400FBE2ED5D000058EE610E210EFBE2D48F0000ECEF621FE3EFFBE288740000FBF2F95D0000C4FE0BFBE240900000ECEF7A0FE3EFFBE2FA5D000058EE611E2111FBE240900000ECEE7C4E1DF806010CF80600EC0161013AAF01FBE2FA5D0000F8E400FBE2F95D000058EEFBF2F85D000044FE2819FBE2F95D000058EEFBF26077000045FE482A06F806010CF80600EC0161013F
:FF9144003A9500FBE2F95D000058EF621FC3EFFBE2F95D000058EE641E611E216CFBE29C76000058EE610E212CFB126C7300008819601161012B0FFB126C73000088196011E3010CF80600EC01FB226C73000080292E36FBE29C76000058EE611E212AFB126C7300008819601161012B0FFB126C73000088196011E3010CF80600EC01FB226C7300008029FBE2245B0000F0EB39351B38E100FBE29C76000058EE610E2111FB126C7300009C9265729492388100FBE29C76000058EE611E2164FBE29C730000FBF260770000D5FE1012FBE29C730000FBF260770000D5FE1113FBE29C730000FBF260770000D5FE1214FBE29C730000FBF260770000D5FE1315FBE29C54
:FF924300730000FBF260770000D5FE1416FBE29C730000FBF260770000D5FE15172E126040FBE2F11DF8FFE30E051A40016240FBE240900000ECEF7A0FE3EFFBE2F15D0000F8E400FB12887400003C1A00FBE288740000FBF2F95D0000C4FE0BFBE2ED5D000058EE610E210EFBE2D48F0000ECEF621FE3EFFBE240900000ECEE642E612E210EFBE240900000ECEF7A1FE3EFFBE240900000ECEE610E215EFBE2245B000058EE641E611E211CFBE2E8730000ECEEECEEFB12887400007F1EFBE2245B0000F0E8FBE2245B000058EE682E641E611E211CFBE2E8730000ECE1A892FB12B07400007F12FBE2245B0000F0EAFBE2245B0000F0EB2E1FFBE2607700005DE223BD
:FF934200FB12D473000005238800FB12D473000005168400FBE2245B000058EE681E641E611E211EFBE2E8730000ECE1A81AFB126C7400007F12FBE2245B0000F0E9670267026080FB1214740000054F8600FBE240900000ECEF7A4FE3EFFBE2245B000058EE682E641E611E2111FBE2B0740000ECEE610E1DF806010CF80600EC01610120363C0700B18975211F81893C0600B18175217FFBE2F05D000058EE6C7E57E181816040F80500660371020A71010BEF3439A01F6240391019670260C03D05053C09003E0100FB122874000005CD8500FBE2FB5D0000F8E400FBE228710000ECEE612E210CFB12E80AF8FFAB117F11FBE29C76000058EE610E216FFB126C7344
:FF9441000000881A411219820A8A0969F16101143C09008A096131168A0961411DF806010CF80600EC016101163D05082E178A0961511E3D050A2E0D8A0961611F3E01013D050EFBE2225B000058EE6C3EFBF21C9000004BEFECF1B90CA80B8A0A6040F8040039490762406703FBE29C76000058EE611E3B9300FB126C730000881A6C22FBE2C200F8FF4B2EB619FECE1182098A0969F16101143C09008A0961D12036711EFF612E23226131202361412023711EF8613E231361B1201461C12014610121173D05052E123D05182E0D3D050A083D050E0C3D05108A09614129053E0102FBE2225B000058E1B90CA80B8A0A6040F8040064717711C027097011A0700837CC
:FF95400039AC06624067036040FBE2F11DF8FFE30E05353D016240670360C03D05053E0100FB123C74000005748400FBE2FB5D0000F8E401FBE29C76000058EE610E2153FBE26C73000059EE20613E200EFBE26C73000059EE20614E1DF806010CF80600EC016101173D0508388900FBE26C73000059EE20615E1E3D050A2E77FBE26C73000059EE20616E216A3E01013D050E2E62FBE29C76000058EE611E2156FBE26C73000059EE2061DE203671EFFF612F2322613E2023614E202371EFF8613F231361BE201461CE2014610E21173D05052E123D05082E0D3D050A083D050E0C3D0510FBE26C73000059EE20614E29053E0100FBE228710000ECEE612EFB126C733F
:FF963F000000591E20A999B90CA80B20106040F80400CFE2399905624067036040F80401CFE2398B0562406703FB1258740000056D8300FBE2F15D000058EE611E2117FBE2FA5D0000F8E401FBE240900000ECEF7A2FE3EFFBE228710000ECEE612E1AFBE2245B0000F0E302027EA6710098A609F9046200F9046100F90604FFFBE29C76000058EE610E212E6633660271015E05B7AC00FB126C730000BC9175421039270861013B7F00FB126C7300009C92657294922E70FBE29C76000058EE611E21647543486602710116057EAC00FB12E85E0000392C0861012117FB226C7300007122246683FB12E85E00000500AC00FB126C730000881961412911FB12E85E0014
:FF973E0000B21161011DF806010CF80600EC0161012012FBE2E85E0000FBF26C730000D5FE1604FBE2CC730000ECE1FBE2D0730000ECE60526840047612205388E03FBE2D0730000F8E600FBE29C76000058EE610E3BAF003C0F00389D00FBE2215B000058EE611E2178B38963C1FB22E08F00004B12A829A8A605E3830047612311B38963C1FB22E08F00004B123E2200B38963C1FB22E08F00004B12A8A161012051B38963C1FB22E08F00004B12A829A8A605AA8300431606850604221BB38963C1FB22E08F00004B12A829A8A6058E83004316E3060CE10004E400042E143E0400B38963C1FB22E08F00004B123E2200B38962118389B389615128053860FF38B959
:FF983D0000FBE29C76000058EE611E3BAC003C0E00389D00FBE2215B000058EE611E2178B38163C1FB22349000004B12A829A8A6052A830047612311B38163C1FB22349000004B123E2200B38163C1FB22349000004B12A8A161012051B38163C1FB22349000004B12A829A8A605F18200431606850604221BB38163C1FB22349000004B12A829A8A605D582004316E3060CE10004E400042E143E0400B38163C1FB22349000004B123E2200B38162118381B38161012A053860FFFBE29C76000058EE610E3B0C013C0D003C0C0038F7003C0B0038DB00B3016C11FB226C7300004B12BCA1B28AFC6B123ABF00B30949010B6C31FBE21C9000004B1EECEE610E3AA90064
:FF993C00FBE2EF5D000058EE610E210C667EB289FC6BE13A9300B30949010B6C31FB221C9000004B12B1216C41CF1E6A4EFBF26C7300000605FE012A25B30949010B6C31FB221C9000004B1289216A41FB226C730000882A47122A06F806010CF80600EC0161012043B30949010B6C31FB221C9000004B12B12963C1FB22E08F00004B12A8A16101200C5901616211C701612E18B30949010B710E5E590262FE0E215901626211C70162B28962118289B28961F12A053822FFB3097111108309B30162118301B309613128053806FF382001FBE29C76000058EE611E3B13013C0A003C090038DE003C080038C200FBE2E85E0000B209FED1EEB201FC6BE13AA900B28163
:FF9A3B004901086C31FBE22C7100004B1EECEE610E3A9300B2814901086C31FB222C7100004B12B1216C41CF1E6A4EFBF26C7300000605FE012A25B2814901086C31FB222C7100004B1289216A41FB226C730000882A47122A06F806010CF80600EC0161012043B2814901086C31FB222C7100004B12B12963C1FB22349000004B12A8A16101200C5901616211C701612E18B281490108710E16590262FE0E215901626211C70162B20162118201B20161F12A05383BFFB2817111108281B20962118209B2817551482805381EFF2E225901616211C70161FBE2CC730000ECE1FBE2D0730000ECE6057880004316A10659016261012A05388C00FBE29C76000058EE6143
:FF9B3A000E21325902626012660105C5A700710E5EFECE1EFBF2225B0000C3FEFBE2225B000058EE613E2950FBE2225B0000F8E4002E45FBE29C76000058EE611E2139590262601266010589A700710E16FECE1EFBF2225B0000C3FEFBE2225B000058EE755E3F2A13FBE2225B000058E1FB22E85E000039D704AE09F816003C07012E185901616101AE092B09E101043C07010FF816003C0700C50007635901633F661B60408089FB12E80AF8FFAD92B0897F1267017100E8A109848AA08B910CC5001C09FBE29C76000058EE610E212B8C89FBE26900F8FFFECE1182018C89FBE27100F8FFFECE1181898C89FBE27900F8FFFECE1181812E35FBE29C76000058EE6178
:FF9C39001E21298C89FBE28700F8FFFECE1182018C89FBE29700F8FFFECE1181898C89FBE2A700F8FFFECE118181A9096080A009FBE22C1EF8FFE30E051536016280FB12E80AF8FFA8197F1161013B3A01FB12E80AF8FFA89AA9097F12FBE26C740000C50E130AFBE29C76000058EE610E3B8C008C896171214AF80600FB12E80AF8FFA995B20AFC450E08EC017100F083826604830C8304828C820C8204908C3C0A013D0205F80E854501FD723E00007A44FCA7E3FB2E50C3007F15710010388300F80601FB12E80AF8FFA995B20CDD0F05B203A88AEC017100F0838466048304828C8284820C8204D70F03E3043C0D013D020866147F157100102E47FBE29C76000063
:FF9D380058EE611E213BF80601FB12E80AF8FFA995B20CDD0F05B203A88AEC017100F0838466048304828C8284820C8204D70F03E3043C0D013D020866147F15710010FBE20558000058EE611EFB12E80AF8FFAD1BEC011AB18262D25B227F1309B18A62D25B227F13B2096101FB12E80AF8FFAB1A210EFB126C730000A8197F12670666017F126706670660C0A081FBE29C76000058EE610E2116FB12E80AF8FFAA12A8817F1261111E3C06012E79FBE29C76000058EE611E216AFB12E80AF8FFAA12A8817F1261112110A8817401A07008372306F806010CF80600EC0161012010A8817401E08648372406F806010CF80600EC0161012020A8817011608FF7C8EF1E07
:FF9E3700FD7C9EC02709771EC0270943E161011DF806010CF80600EC016101153C06010C3C0600C5000607B18967037100F083898382830B3D05003D0400FBE29C76000058EE610E211E8B81FBE27100F8FFFECE1181898B81FBE27900F8FFFECE1181812E28FBE29C76000058EE611E211C8B81FBE29700F8FFFECE1181898B81FBE2A700F8FFFECE118181FBE20558000058EE611E1EB18191090DB1899109B38949010D9101B90106C501052A0DB9017551FF2A06F806010CF80600EC016101153C05010C3C0500C500050CB301670460809089810A3C03003C02002E1E661EB081FD621EEFEF06D10F0347EF1FB08962118089B08162118081B08145010529DFC519
:FF9F3600000304B101670260C0A0813C0600FBE29C76000058EE610E21313C05003C04002E21A881B102FED21175421039A2FF4901068181B1097111108109B10162118101B10961012BDD2E3CFBE29C76000058EE611E21303C03003C02002E21A881B082FED2117542103967FF4901068181B0897111108089B08162118081B08975514029DCC5000607B1896703608081898109FBE29C76000058EE611E2176FB126C730000881961412026FB126C730000881961812912FB126C730000881961D12A06F806010CF80600EC01610115F806010CF80600EC01610120168989613129078989E3010CF80602EC0181092E25FB126C7300007111243910FF7551312A1497
:FFA035008989616129078989E3010CF80605EC018109C5000506B181CF11670260C082898282820B8A890605010A290E8A89060501092A06F806010CF80600EC016101153C07010C3C0700C5000708B20167037100F08389A0823C0600B38968418181FBE29C76000058EE610E2120B18161412A08B38961312906F806010CF80600EC01610120313C05002E40FBE29C76000058EE611E2120B18161412A09B3897551482906F806010CF80600EC016101163C05002E16A881B182FE521EB38B64F3FC67E3FE121E3C0501C5000507B18967047100F083898382A0833C0600FBE26C730000C5E00105B38961113B5601FBE29C76000058EE610E1E3C04002E10FBE29CDA
:FFA1340076000058EE611E1C3C04008909060501042111FBE2DC8F0000F8E6003C0600382101FBE2DC8F0000ECEE755E4023063C06010C3C0600FBE2DC8F0000FBF26077000059FF4071FF400684EF250538F300FBE2DC8F0000ECEEFBF26077000059FF40EFE5FC27F54FF5435E610E3BD400FBE29C76000058EE610E2126890961012B08B10960118109890961012114B3816111210EFB126C7300009C9265729492FBE29C76000058EE611E3B9700890961012B0B890961811DF806010CF80600EC016101163C05042E0E890961012B08B10960118109890961012168B38161112162FBE29C730000FBF260770000D5FE1012FBE29C730000FBF260770000D5FE115A
:FFA2330013FBE29C730000FBF260770000D5FE1214FBE29C730000FBF260770000D5FE1315FBE29C730000FBF260770000D5FE1416FBE29C730000FBF260770000D5FE1517B109A882C321C5000607B18967047100EC84898482840B3E020166F1FBE2F55D000040E18189B48961813ABE016131204A61413A910061513ABB0061613A010161713A5F0161213BCB01FBE2F45D000058EE450E07290538C001FBE2F45D000058EFFB52035B0000B489FE05F158EF621FC3EF3E020038A101FBE2F45D000058EEB1896011471E2905388E01FBE2F45D000058EFFB52035B0000B489FE05F158EF621FC3EFFBE2F45D000058EFFB52035B0000B481FE05F158EF621FC3EF3D
:FFA332003E0200385601FBE2F45D000058EE450E072905384601FBE2F45D000058EFFB52035B0000B489FE05F158EF621FC3EF3E0200382701FBE2F45D000058EEB1896011471E2905381401FBE2F45D000058EFFB52035B0000B489FE05F158EF621FC3EFFBE2F45D000058EFFB52035B0000B481FE05F158EF621FC3EF3E020038DC00FBE2F45D000058EEB1896021471E290538C900FBE2F45D000058EFFB52035B0000B489FE05F158EF621FC3EFFBE2F45D000058EFFB52035B0000B481FE05F158EF621FC3EFFBE2F45D000058EFFB52035B0000B409FE05F158EF621FC3EF3E02002E78FBE2F45D000058EEB1896011471E2868FBE2F45D000058EFFB52035BE0
:FFA431000000B489FE05F158EF621FC3EFFBE2F45D000058EFFB52035B0000B481FE05F158EF621FC3EF3E02002E31FBE2F45D000058EE450E072824FBE2F45D000058EFFB52035B0000B489FE05F158EF621FC3EF3E02000EF806022E13A88161011AFBE2F35D0000F8E401E10002EC01A08967057100ECA101838AA0833C06003C0500A901610116A88161011DF806010CF80600EC016101173C04003886003C06002E75B181A902FEC21E618E2050615E2160B181A902FEC21EB109A882FE021EB10962118109B18162118181B181A902FEC21EB109A882FE021EB10962118109B18162118181B181A902FEC21EB109A882FE021EB109621181092E16B181A902FEA6
:FFA53000C21EB109A882FE021EB10962118109B18162118181B18145010F2988C5000504C5000407B18967057100C4A381C70237C70336C70435381107590137AB82FEC21E6211C70137618E3AAD06613E2057614E3ADE03615E3A1204616E3A3905617E3A7805612E3BED06FB12B07400003E1100590137AB82FEC211FB22B074000083215901376211C70137590137AB82FEC211FB22B074000083295901376211C7013738A606F9043307F9042F00F9042E00F9042D00F9042C00FBE23C1EF8FFD4E010D5E00111D5E00212D5E00313D5E00414D5E00515F90434002E20590134FDC11EFB226C7300004BE29CA2710E20FE11E25901346211C70134590134616129DA
:FFA62F00DD590137AB82FEC211C7012E5901376211C7013759012E64F1C7012F7541FF51012E6841C7012EFBE2F05D000058EE610E212DFB126C73000088190605012E210FFBE26C730000CCEE06050E2F15F806010CF80600EC01610115F806010CF80600EC016101201666026631EF2339E6FB5901376231C7013738D005590137AB82FEC21196015901376211C70137590137AB82FEC2116C8106D5011896015901376211C70137590137AB82FEC211C7012D5901376211C7013759012D68416471C7012C59012D64F1C7012D59012D61011DF9042D01FBE29C76000058EE610E3BE50059012C61011ABE0161011DF806010CF80600EC01610117F1083338A300594A
:FFA72E00012C61012B0D59012C61512A06F806010CF80600EC0161011859012C61712906F806010CF80600EC01610116F108332E70F90434002E5F59012C616121255901346C31FBE21C9000004B1EECEE610E203D6611590234FD62210655011896012E2DBE01590234FC6B1220185901346C31FBE21C9000004B1EECEE610E1DF806010CF80600EC01610114F108335901346211C701345901346131299ED5001810CD012E66736602397DF861011CF10933CD012F66536602396DF861013B0701F10A33380101FBE29C76000058EE611E3BF40059012C616121543C8F003C8E002E433C8D002E2B49011D6C31FBE22C7100004B1EECEE610E2012710E20B781FE5129
:FFA82D00EFB70AFC63F2FE11EFB70962118709B70961F1B7892BD17111108789B78162118781B78975514029BA2E7A59012C617121103D80003D81003D82003D83002E6559012C61511EF108332E5A3C8C002E37BE01B702FC6B12201D59012C6C4149011C6C31FBE22C7100004B1EECEE610E1DF806010CF80600EC01610114F10833B70162118701B70161F12BC7710E209E0159022CFE12E17101203977F661512A05F10833CD012E66436602397AF761011CF10933CD012F66A36602396AF761011CF10A3359013364716171215BFBE26C730000C50E2E01FBE26C730000C10E2FFBE26C730000D50E1012FBE26C730000D50E1113FBE26C730000D50E1214FBE256
:FFA92C006C730000D50E1315FBE26C730000D50E1416FBE26C730000D50E1517FBE26C730000C50E2D18590233660366313929F9381B03590137AB82FEC21EFBF2F75D0000C3FE5901376211C70137FBE2F75D000058EE661FFD62EFFBE2F45E0000D3EF66026641EF2339F0F838E2023C8B073C8A003C89003E0500590137AB82FEC211684164718609590137AB82FEC21164F186815901376211C70137590137AB82FEC211A1095901376211C70137590137AB82FEC2116C8106950105A1095901376211C70137590137AB82FEC2116D0106950105A1095901376211C70137A909751164A109A90939AEF361011CF1081BFBE29C76000058EE610E21238E8166736650
:FFAA2B00023925F661011CF1091B8E09665366023916F661012152F10A1B2E4DFBE29C76000058EE611E21418E8166D3668239F8F561011CF1091B8E816673665239E9F56111178E8161E12906F806010CF80600EC01610114F1091B8E096633660239C8F561011CF10A1BB689647161712120FBE26C730000C50E1A20FBE26C730000E50E0507FBE26C730000C50E1919B68A6603665139C4F738B6013C83FFFBE2EC730000ECEE610E2013FBE2EC730000ECEEECEE610E15F806010CF80600EC0161012010FBE2EC730000ECEEECEE7F1E8489590335B48A66613980F73872013C8203FBE29C76000058EE610E3BE9003C8100590137AB82FEC211840959013762116C
:FFAB2A00C70137590137AB82FEC211A0815901376211C70137590137AB82FEC2116C8106950102A0815901376211C70137590137AB82FEC2116D0106950102A0815901376211C70137A881751164A081590137AB82FEC21183015901376211C70137FBE240900000ECEF785FE3EFA8816101B4092125CF1E612E2A0C7541FC51011284812E46B40939DA1D6101203D7541FC51011284812E33A88BA882395A1B610120286161201361511261412115F108122E18F109122E137541FC5101128481097541FC5101128481FBE240900000ECEF7A5FE3EF2E1EFBE29C76000058EE611E21127541FC51011284815901376251C70137B482660366713962F62E54590137AB5F
:FFAC290082FEC2126211C7013764F2818AB18961011FB18962118189FC450E07FD723E00007A44FCA7E1FB226C730000A0A1FB126C73000006A1151E02FD722E00007A44FCA7E2A09A66026681EF23390EF6590137450136280538EAF8670F7100E0A189868AA10B920C3E01033C0B007541F051010B8289F10C0BF10D0BF10E0BB28975217FFBE2F05D000058EE6C7E57E182899A0AA90CB68BA9896040D30271020F39CB066240A009A809610116E100012E2BFB12887400003C1B00FB12887400003C1A00FBE288740000FBF2D48F0000E4FE04390E00A009E10001EC01A08967087EA660C03E0100FBE2F75D000058EE755EFF1FF8060A38EF01FBE2F75D0000580E
:FFAD2800EE610E1AFBE2D0730000F8E600FBE2235B000058E1391B022E2AFBE26C730000FBF29C730000C5FE0101FBE29C76000058EE610E210EFB126C7300009C9265729492710104393BE9610120D0A80961013B6C01FB129C760000B09161013B0D01FB12C8880000AE99FB229C760000A9AE7F114761240538A000FB12C8880000AE997F11FB229C760000A1A9FB129C760000A99A491220A19AFB129C760000B09A6212809AB0996151291AFB129C7600003C1300FB129C7600003C1401F80600382601FBE29C76000058EE610E2120FBE2225B000058EE6C3EFB121C9000004BE1A81AEC1139690BE30138FC00FBE29C76000058EE611E2120FBE2225B0000584C
:FFAE2700EE6C3EFB122C7100004BE1A81AEC11393F0BE30138D200FBE29C76000058EE610E2120FBE2225B000058EE6C3EFB121C9000004BE1A81AEC1139150BE30138A800FBE29C76000058EE611E3B9800FBE2225B000058EE6C3EFB122C7100004BE1A81AEC1139EA0AE3012E7DFBE29C76000058EE610E211FFBE2225B000058EE6C3EFB121C9000004BE1A81AEC1139C10AE3012E54FBE29C76000058EE611E2145FBE2225B000058EE6C3EFB122C7100004BE1A81AEC1139980AE3012E2BFBE240900000ECEF784FE3EFA80AFB121474000005736C00FB121474000005666800F806000CF80600EC01A0813F660460803D0200FBE29C76000058EE610E212D6645
:FFAF26000105706C00E301EC0177017FEE3624073D02642E17EC0174017F3F5C022408F90902E8030EF909021027D5000203B88967027EA660C08289FBE29C76000058EE610E211FB2896C31FB221C9000004B12B12963C1FBE2E08F00004B1ED4E0042E29FBE29C76000058EE611E211DB2896C31FB222C7100004B12B12963C1FBE2349000004B1ED4E0043D03003C0500FBE2EF5D000058EE610E212A3954FF9089B90106C501032B07B901E3010DB889E301EC019101FBE244900000ECEE610E143C0501FBE29C76000058EE610EFCDBE0FBF2215B000058FF611F216F610E2031FBE244900000ECEEEFE106CD010443E1590E0B6C3EFB221C9000004BE2592E05C8
:FFB0250063CEFB22E08F00004BE2A0A1388500FBE29C76000058EE611E2178FBE244900000ECEEEFE106CD010443E1590E0B6C3EFB222C7100004BE2592E0563CEFB22349000004BE2A0A12E4A610E201FB2896C31FB221C9000004B12B12963C1FB22E08F00004B123E22002E29FBE29C76000058EE611E211DB2896C31FB222C7100004B12B12963C1FB22349000004B123E2200B10961112166FBE29C76000058EE610E2129B2896C31FB221C9000004B12B12963C1FB62E08F00004B16A8E17312C0270905229200A0E12E33FBE29C76000058EE611E2127B2896C31FB222C7100004B12B12963C1FB62349000004B16A8E17312C0270905EF9100A0E1FBE24490CF
:FFB124000000ECEEFBF2F45E0000EFE506CCF543E5FBE2D07300000688E5E3E53F660460409009FBE29C76000058EE610E215CF80400B809EF1EFD749E30751E3043E161011EF804002E6A754E1F06E10C0E011EF804012E5CB809EF1EFD749E18751E1843E161011EF804022E4766FE06E10C0E011EF804032E3A667E06E10C0E011EF804042E2DF804002E28FBE29C76000058EE611E211CF80400FB126C7300003D96FFB809641161111DF804000CF80401C40001B009CF1167016040FBE2EF5D0000F8E400FBE2D48F0000F8E601FBE2D88F0000F8E600FBE2DC8F0000F8E600FBE2F65D0000F8E400FBE2F85D0000F8E401FBE2F95D0000F8E401FBE2FA5D00006C
:FFB22300F8E400FBE2F75D0000F8E400FBE2F45E0000F8E501FBE2F45D0000F8E400FBE2F55D0000F8E400FBE2EE5D0000F8E401FBE26C730000FBF29C730000C0FEFBE26C730000FBF29C730000C5FE0101FBE26C730000FBF29C730000E5FE0101FBE26C730000FBF29C730000E5FE0202FBE26C730000FBF29C730000E5FE0303FBE26C730000FBF29C730000E5FE0404FBE26C730000FBF29C730000E5FE0505FBE26C730000FBF29C730000C5FE1919FBE26C730000FBF29C730000C5FE1818FBE26C730000FBF29C730000E5FE0707C5FE2020FB229C730000712224FB126C73000071112466C305209000FBE29C76000058EE611E2117FB229C730000712224DE
:FFB3220066C3FB12E85E000005FF8F00FBE2F15D0000F8E400FBE2F25D0000F8E400FBE2F35D0000F8E400FBE2D08F0000E0E02E0CEC013E1900EC01E1100AEC01610121F2FBE29C76000058EE610E210DFBE2225B0000F8E4036701FBE29C76000058EE611E210DFBE2225B0000F8E448670167017EA67100D0A289A282C70327A204D5001C0F3C85003E0400E5000803C5001E0BC500270AFBE2346F0000F8E500FBE2F15D0000F8E400AA0161011C3D0F00AA89581EFBF206580000B509FE0F1EB50962118509754EFFAA89501E685E617E3A3D05612E3A7201614E3A6401610E3B6705FB126C730000A9116031FBE250740000E3E1FB126C730000A9196031FBE22B
:FFB4210054740000E3E1B509FBE2346F0000D3E1FB1206580000FBE2346F000006C8E1FBE214710000ECE2668305088F00FBE2346F00005CEF628FD3EFFB1206580000FBE2346F000006C8E1FBE210710000ECE2668305DF8E00FBE2346F00005CEF628FD3EFFB12E80AF8FFA9197F11FBE21C710000E3E1FBE21C71000058EEFBF2346F00005CF5FB4206580000FE045EDCFE621ED3FEFBE21C710000ECEE688EFBF2346F00005CF5FB4206580000FE045EDCFE621ED3FEFBE218710000ECE3FBE2346F000058E2710410FB120658000005C51B00FBE2346F00005CEFFB5206580000B401FE05F1DCEF621FD3EFA9016881FBE2346F00005CEFFB5206580000FE05F1E6
:FFB52000DCEF621FD3EFA9016901FBE2346F00005CEFFB5206580000FE05F1DCEF621FD3EFA9016981FBE2346F00005CEFFB5206580000FE05F1DCEF621FD3EF380F04FBE2F15D0000F8E401FBE2EF5D000058EE610E1F3E010738F803AA86754EFF506E687E610EFCDB11FB326C730000621366123973EB754EBF506E6C61752140571EC36EFBE2F45D000058E3FB126C730000881AB78139AEE861011F3E010838B103FB126C730000A8916031FBE250740000E3E1FB126C730000A8996031FBE254740000E3E1FBE2F25D000058EE611E210FFBE2F25D0000F8E400AA81F015FBE22471000058EEFBF206580000B509FE0F1EB50962118509FBE224710000ECEE680B
:FFB61F008EFBF206580000B509FE0F1EB50962118509FBE224710000ECEE690EFBF206580000B509FE0F1EB50962118509FBE224710000ECEE698EFBF206580000B509FE0F1EB50962118509AA81581EFBF206580000B509FE0F1EB50962118509FBE2D48F000058EEFBF206580000B509FE0F1EB50962118509FBE2D48F0000ECEE688EFBF206580000B509FE0F1EB50962118509FB12035B0000FBE2F45D000048E1FBE2F55D000058E3FB22125B0000055D8C00FBE2F45D000058EFFB52F55D0000485FC3EFA8896101200CB28961012B06F806010CF80600EC016101FBE2F45D000058EE3A810061FE2A11FBE2F35D000058EE611E1DF806010CF80600EC0E610E6F
:FFB71E003A9400ED0E0A58EFEFF564F5FB42F45D0000484564F5762FF000575FC3EFED0E0AFBF206580000C4EF053D0B002E295D0E0BFBF2035B0000FECFEEFBF206580000B509FE0F1E590E15621EC70E15DD0E0B621ED70E0BFBE2F45D0000BA8944E129CF2E32610E2B11FBE2F35D000058EE610E15F806010CF80600EC0161012016FBE2F45D0000C4E00BFB12035B0000A0893C0A00FBE2F35D0000F8E400FBE2F45D000058E2FB32125B0000FB12035B000039D3ECFBE2F55D0000C3E1FBE2F55D000058EE610E2B0BFBE2F35D0000F8E401FBE2F45D0000F8E400A8896101200CB28961012B06F806010CF80600EC016101207CFBE206580000B281B50AFE0EC3
:FFB81D0021B50962118509B2816101FBE2D48F0000ECE3FBE224710000ECE4B28AA889211F60C0FB5205590000A085A00BF80400FB32CC5D000005CC160062C02E1D60C0FB5205590000A085A00BF80400FB32DC5D000005AF160062C0FB1206580000490115B28BFB220559000005A28A00B50949010BFBE2346F0000D3E1FBE2D48F0000ECE1FBE224710000ECE4FBE2346F00005CE260C071031CA083A009F80400FB32CC5D0000FB1206580000056C150062C0FBE2346F00005CEEFBF206580000B401FE0FE1FB1206580000FBE2346F000006C8E1A9026882801AFB1206580000FBE2346F000006C8E1A90269028092FB1206580000FBE2346F000006C8E1A9021F
:FFB91C006982809AFBE2346F00005CEF624FD3EF2E3FAA016101200CBB8961012B06F806010CF80600EC0161012026FB1206580000490115BB8BAA0205D58900B50906C9010FFBE2346F0000D3E10D3E01020C3E0100A809A1813F660D7100F0A081A08AFBE29C76000058EE610E2117FB126C7300008819FBE26900F8FFFECE1180892E21FBE29C76000058EE611E2115FB126C7300008819FBE28700F8FFFECE1180893C02003C0100FBE26C730000CCE139F7E58081FBE29C76000058EE610E21118881FBE28100F8FFFECE1180092E1BFBE29C76000058EE611E210F8881FBE2B700F8FFFECE118009FB12B07400003E1101FB12887400003E1101FBE28874000013
:FFBA1B00FBF26C730000C5FE0108FBE288740000C50E0209FBE29C76000059EE93611E2121F9020208E6D333FB12E80AF8FFA89AA8817F12FBE29C760000F9E493002E0EFB12E80AF8FFA89AA8817F12FBE29C76000058EE610E3BAC01FB126C730000881961713B9E00FBE2346F000058E2FB12E80AF8FFAD1B66017F13FB12E80AF8FFA99D0621110E03880A7100EC660183018289828182018101FD723E00007A44FCA7EEE30EF90A04B80B3C09013D0305FB3AA861EF147F15710014FBE2346F0000FB12E8750000591420A99AFB12E80AF8FFAA1D0621110F036080C4E0033C04013C0200F80505FD723F00007A44FCA7F366017F156280FBE244900000E3E1384B
:FFBB1A00FD01FB126C73000088196161FBE2346F00005CEEFB12E80AF8FFAD1B21755BE266117F13FB32E80AF8FFED3E078889880A7100EC66038303828B82838203E301F90A04B80B3C09013D03083C04016611EF147F1E710014FBE2346F0000FB32E8750000593420A9BAFB32E80AF8FFAA3D888B6080C4E0033C04013C0200F8050866117F156280FBE244900000E3E1386E015BE266117F13FB12E80AF8FFA99D8889880A7100EC66038303828B82838203E301F90A04A00F3C09013D03083C04016611EF347F15710014FBE2346F0000FBF2E875000059F420FB12E80AF8FFAA1D888B6080C4E0033C04013C0200F80508660266117F156280FBE244900000E337
:FFBC1900E138FC00FBE29C76000058EE611E3BEF00FBE2346F000058E2FB12E80AF8FFAD1B66117F13FB126C73000088196141FB12E80AF8FFA99D8889B00A29637100EC66038303828B82838203F90A0488133C09013D03083C0401E301CF226611EF347F15710014FBE2346F0000FBF2E875000059F420FB12E80AF8FFAA1D888B6080C4E0033C04013C0200F80508660266117F156280FBE244900000E3E12E617100EC66038303828B82838203F90A0488133C09013D03083C0401E301CF226611EF347F15710014FBE2346F0000FBF2E875000059F420FB12E80AF8FFAA1D888B6080C4E0033C04013C0200F80508660266117F156280FBE244900000E3E1FBE21A
:FFBD180088740000FBF244900000E4FE03FBE2B0740000FBF244900000E4FE02FBE2607700005DE223FB12D473000005285E00FB12D4730000051B5A00FBE2346F000058E2FB12E80AF8FFAA93FB12065800007F13FBE240900000ECEF780FE3EF3E0100660167047100D8A209A202AA0961011F3E0103386903AA09EC1E610E10AA09A81961011DF806010CF80600EC01610118AA09A89161011DF806010CF80600EC016101173E0103383603FBE2E8730000E10E09FBE2EC730000E10E08FBE2245B0000F8E400FBE228710000F8E600FBE240900000F8E600FBE2F65E0000F8E500FBE205580000F8E400FBE2CC730000F8E600FBE2D0730000F8E600FBE29C7600E2
:FFBE17000058EE610E210DFBE2215B0000F8E4012E16FBE29C76000058EE611E1AFBE2215B0000F8E401FBE29C730000FBF260770000C1FE32FBE29C730000FBF260770000C5FE3301FB1260770000BF99FB229C730000A029FB1260770000BE99FB229C730000A0A1FB1260770000BF11FB229C730000A0A9FB1260770000BF19FB229C730000A121FB1260770000BF91FB229C730000A129FB129C7300003C9801FB129C7300003C9900FBE29C76000058EE610E211FFBE2481EF8FFE4E005C5E00418FBE29C730000E50E0507C50E18202E29FBE29C76000058EE611E211DFBE2501EF8FFE4E003C5E00410FBE29C730000E50E0307C50E1020FBE29C76000058EE01
:FFBF1600610E210EFB129C7300003D9207380401FBE29C76000058EE611E3BF700FBE29C730000FBF260770000D5FE1012FBE29C730000FBF260770000D5FE1113FBE29C730000FBF260770000D5FE1214FBE29C730000FBF260770000D5FE1315FBE29C730000FBF260770000D5FE1416FBE29C730000FBF260770000D5FE15173C0B002E40B289FDC31EFBF22C7100004BEF7711400D0370116001C835E3F1B2896C31FB222C7100004B123C2430B2896C31FB222C7100004B123C2500B28962118289B28975514029BD3C0A402E40B281FDC31EFBF22C7100004BEF7711006A187011C02FB82FE3F1B2816C31FB222C7100004B123C2444B2816C31FB222C7100009E
:FFC015004B123C2500B28162118281B28175514829BD39B5F1FB22B28EF8FFFB12D473000005105700FBE2607700005DE223FB12D473000005225B00FB228493F8FFFB121474000005ED5600FB22FD93F8FFFB122874000005DD5600FB225995F8FFFB123C74000005CD5600FB226896F8FFFB125874000005BD5600FBE2F0730000FBF22880F8FFE3EFFB12F0730000FB22E481F8FFA092FB12F0730000FB22188EF8FFA112FB12F0730000FB22E38DF8FFA01AFB12F0730000FB22658EF8FFA09AFBE2E80AF8FFECEEFB12F07300007F1EFB12E80AF8FFA9197F11050E82003E0100A809A189670A7100EC8489A08AFBE29C730000C5E00107FBE2F45D000058E1FBAF
:FFC11400E2F55D000048E18181FBE29C76000058EE610E211E8989FBE27100F8FFFECE1181098989FBE27900F8FFFECE1181012E28FBE29C76000058EE611E211C8989FBE29700F8FFFECE1181098989FBE2A700F8FFFECE118101A88961011EF806032E65FBE2F05D000058E171030766023982DFFBE20558000058EE611EA8891EC50104010DC5010501A889B0194501062919A889B01A410206C312898AB489660339AFDC6101102E0CF806092E1AF806082E15B183898AB4893997DC61011DF806090CF80600EC01A08167057100F0A0893E0100A88961011FF80603389701A889EC1E755E172505388501FBF2081AF8FFFE5EFE7F4EFBE228710000A889E4E101B1
:FFC21300386F01FBE2EF5D0000A889C4E104386101FBE2F05D0000A889C4E104385301FBE220710000A889E4E101384501FBE224710000A889E4E101383701A889FB22CC5D0000A01A382A01A889FB22DC5D0000A01A381D01FBE204580000A889C4E104380F01FBE205580000A889C4E104380101FBE29C76000058EE610E210FA889FB221C900000A01A38E800FBE29C76000058EE611E3BDB00A889FB222C710000A01A38CE00FBE26C730000A889E5E10701C5E1200838BB00FB126C730000711124A88AA02938AB00FBE26C730000A889C5E11804389C00FBE26C730000A889E5E10101388D00FBE26C730000A889E5E102012E7EFBE26C730000A889E5E10301A8
:FFC312002E70FBE26C730000A889E5E104012E62FBE26C730000A889E5E105012E54FBE29C730000A889C5E101042E46FBE26C730000A889C5E101042E38FBE26C730000A889C4E1042E2BFBE2D48F0000A889E4E1012E1EFBE2D88F0000A889E4E1012E11FBE2D08F0000A889E4E1010C3E0102E10001EC01A08167047100E8A1093E0300A90961011F3E0103387C03FBE240900000ECEE641E611E1F3E0101386903A909EC1E755E162505385603FBF2381AF8FFFE5EFE7F4EA909FBE228710000E11E01FBE228710000ECEE612E2014610E3B3203FB12E80AF8FFAA997F11382503FBE2F15D0000F8E400395FD1381603A909FBE2EF5D0000C11E04380803A909FBA0
:FFC41100E2F05D0000C11E0438FA02A909FBE220710000E11E0138EC02A909FBE224710000E11E0138DE02A909A81961012016A909A81A754310FB12CC5D000005DC7E0038C2023E030338BC02A909A81961012016A909A81A754310FB12DC5D000005BA7E0038A0023E0303389A02A909B111395AD7389002A909FBE205580000C11E04388202A909FBE26C730000E51E0107C51E0820386F02A909A81961013AAD00FBE29C76000058EE610E2118A909A81AFB126C7300007111246623055E7E00384402FBE29C76000058EE611E3B37023C0B01B2896111216EA909A8193951DA61512A11A909A8193946DA61012B06F806010CF80600EC016101173E0303380602ED
:FFC51000A909A81AFB126C73000071112466C3050A7E003C0A002E25B281FBE2E85E0000FE51EFFDC115FB426C7300004B5406514F12FE11EFB28162118281B281616123D938C2013E030338BC013E030338B601A909B11161012B0EA909B11161F12A06F806010CF80600EC0161012011A909FBE26C730000C51E0418388A013E0303388401A909FBE26C730000E51E0101387501A909FBE26C730000E51E0102386601A909FBE26C730000E51E0103385701A909FBE26C730000E51E0104384801A909FBE26C730000E51E0105383901FBE29C76000058EE610E2126A9098911667366023960DA61012011A909FBE29C730000C51E0401380F013E0303380901FBE277
:FFC60F009C76000058EE611E3BFC00A909891166436602392FDA61012011A909FBE29C730000C51E040138DE003E030338D800FBE29C76000058EE610E2126A90989116673660239FFD961012011A909FBE26C730000C51E040138AE003E030338A800FBE29C76000058EE611E3B9B00A90989116643660239CED961012010A909FBE26C730000C51E04012E7D3E03032E78FBE29C76000058EE610E2123A90989116653660239A0D96101200FA909FBE26C730000C11E042E503E03032E4BFBE29C76000058EE611E213FA909891166A366023973D96101200FA909FBE26C730000C11E042E233E03032E1EA909FBE2D48F0000E11E012E11A909FBE2D88F0000E11ED9
:FFC70E00010C3E0302E5000301A809A10167067100E4A10AA18384893C0B003C0A003C0900FBE29C76000058EE611E1F3E0103384502FBE29C76000058EE610E3B3502B489613129083E0103382C02FBE240900000ECEE641E611E2117FBE240900000ECEE752E20755E20173E01013809028E01FDA41E6C41CF1F6A4F47EF2A14B6016C41CF116A416673660239BAD861011DF806010CF80600EC01610121108E016A4166736602399FD861011DF806010CF80600EC016101143C0B01B48961212A3FB4896C31FBE21C9000004B1EA9090684E1143C0A01FBE29C730000B6016C41CF1F6A4F0605EF012B053C0B018E016A41667366523950D861011C3C0B01FB12E813
:FFC80D000AF8FFAA12A9097F1261111AA909610115F806010CF80600EC01610112B28161011DF806010CF80600EC0161013ACD00FBE29C76000058EE610E3BC300A909740140DA8E332310A909740100A1BC332406F806010CF80600EC016101173C0900389D00A909740101A1BC332310A9097401C0C8C5332406F806010CF80600EC016101163C09012E77A9097401604FC7332310A909740180F0CE332406F806010CF80600EC016101163C09022E52A9097401C0FDD1332310A909740150CED5332406F806010CF80600EC016101163C09032E2DA9097401A091D6332310A90974018025DB332406F806010CF80600EC016101153C0904083C0A010C3C0A01B289DE
:FFC90C0061111AB28161111DF806010CF80600EC016101163E01062E5FB28961111E3E01052E55B28161111E3E01042E4BFBE29C76000058EE610E2125B4896C31FBE21C9000004B1EE50E0601E10E05B4896C31FB221C9000004B12C50209056611B48AFD6221FB226C7300000655211294A13E01000C3E0103A809A08967077100E88589FBE29C76000058EE611E1F3E0103388B00FBE29C76000058EE610E3B7B00FBE240900000ECEE641E611E2116FBE240900000ECEE752E20755E20163E01012E5BB58961312908B58961312906F806010CF80600EC016101163E01032E3EFBE2581EF8FFE5E00103E4E002B5896C31FB221C9000004B12E5020301E10202B55C
:FFCA0B0089FB226C730000712224396FD661011D3E0103083E01000C3E0103A809A10167067100F0A08961011EF806032E4DFBE240900000ECEE641E611E1EF806012E3BA8893E1900FBE2D08F0000ECEE610E210DFBE2D08F0000E10E032E1CFBE2D08F0000E4E0010DE5100A01A809AA92610221F6E501030AF80600EC01A08167047100ECA10161011F3E0103387D00FBE240900000ECEE641E611E1E3E01012E6AFBE2D08F0000ECEE610E205BFBE2D08F0000ECEE06850E04210FA901FBE2D08F0000E11E0A2E3BFBE2D08F0000E4E0020BA081A881AA916101200FA881AA910685010415F806010CF80600EC016101A881AA9121DE610111A901A882E5120A0ACD
:FFCB0A00A9013E1A003E0100A809A08967057100E8A1093E0302A90961011F3E0103382B01FBE240900000ECEE641E611E1F3E01013818017543106602FB12B0740000053C7800FB12B07400003E1101A909EC1E611E3ABF00610E3BD700FBE240900000ECEE752E10755E101F3E010138DD00A909FBE2B0740000E01EA909A819610110A909A89161011DF806010CF80600EC01610118A909A89961011DF806010CF80600EC016101173E010338A000FBE2245B0000F0E2A909FBE210710000E11E01A909FBE214710000E11E02A909FBE218710000E11E033C0B00B28975211F828939F3E5FBE2F65E0000DCEF621FD3EFFBE2F65E00005CE13943E5FB226C73000038
:FFCC09008029660271010BEF23EF243970E0A0892E1FFBE2245B0000F0E2A909FBE2B0740000E01E66026621EF23394FD6A089A88961012013FBE2F15D0000F8E400FBE2245B0000F0EAE5000301A809A10167067100E0A1893E05023C82003C0800A98961011F3E0103388A01FBE240900000ECEE641E611E2011FBE240900000ECEE752E10755E101DF806010CF80600EC016101173E0101385B013C83007543146602FB128874000005D67600FB12887400003E1101A989EC1E613E2077611E2036610E3B95003C0801FBE2F85D0000F8E401B489786175215F8489A989C5100412A989E5100203A989D5100605A989C5100E092E653C0801FBE2F95D0000F8E401AE
:FFCD0800A989FBE2F85D0000C11E0F75418055011376219F008489A989C5100412A989E5100203A989D5100605A989C5100E092E283C0801FBE2F85D0000F8E4017541E05501138489A989E5100103A989D5100405A989C5100A09B20161113B9200FBE2F05D000058EE610E2155FBE29C76000058EE610E21208A096673660239CDD26111210EFBE26C730000C50E09012E303E01032E5FFBE29C76000058EE611E211F8A096643660239A3D26111210DFBE26C730000C50E09010E3E01032E36B90CA88BB48271011339B6DEA109A90961012115A989FBE288740000E01EFBE2245B0000F0E00AFBE2F15D0000F8E400E5000501A809A181670860408089FBE2EE5D2A
:FFCE07000000C3E1670160409009FBE2D48F0000B809E3E1FBE2ED5D0000F8E401670160408089FBE2215B0000C3E167017100E4A181928AA103A08CC500200BE5000901E1000AFBE2FC5D0000C50E0B05FBE2FC5D0000C50E0C06A8896881FB22FC5D000081A9A8896901FB22FC5D00008221A8896981FB22FC5D00008229FBE2FC5D0000C50E040AA8096881FB22FC5D000082A9A8096901FB22FC5D00008321A8096981FB22FC5D00008329BA89FB22FC5D000083A9FB12CC74000005A60C00A902FB12CC74000005BE0C00754310FB22FC5D0000FB12CC74000005C00C00B583A982FB12CC74000005B20C00FB22CC740000FB12255B000005D40D00FB12255B007D
:FFCF060000B09A6D82B0936D035732B01B6C8357325412EC01E31267077100DCA201938AA183A10CC5002813E5000B03E5000C023C05003D01017543F06602FB12355B0000053E7400A981FB32355B000075421005B00900FBE20C5E0000C50E1305FBE20C5E0000C50E1406A9096881FB220C5E000081A9A9096901FB220C5E00008221A9096981FB220C5E00008229FBE20C5E0000C50E0C0AA8896881FB220C5E000082A9A8896901FB220C5E00008321A8896981FB220C5E000083292E62B809FB220C5E000083A9980962119009FB32355B0000FB221C5E0000FB120C5E000005C70A003D03002E23B889FBE21C5E0000FECE1E490105AA02FEC21FFC37EFA88249
:FFD00500FE021F988962119089B88961F12BDBBB897111F09389B1097111108109BB8961F12A9CBB8961012B50B809FB220C5E000083A9FB32355B0000FB221C5E0000FB120C5E000005610A003D03002E23B889FBE21C5E0000FECE1E490105AA02FEC21FFC37EFA882FE021F988962119089B88906C5010F29D967097100E4A181928AA103A08CC500200BE5000901AA85E305ED0F01590E0BA88CA903BA8AA98160C0A085E70F01C30E3973FE62C067077100F0A089910AA00BE304FB12CC74000005A20A00A80AFB12CC74000005BA0A00B283A88AFB12CC74000005C10A00FB22CC740000FB12255B000005E30B00FB12255B0000B09A6D82B0936D035732B01B58
:FFD104006C8357325412EC01E31267047100F0A089910AA00BE3047543F06602FB12355B0000055F7200A809FB32355B000075421005D10700EC02A889FB32355B000005680900B90961F12B18EC02A889712210711110FB32355B0000054E0900670467047100D8A209A202938BA184E5000B0571011EE3017543F06602FB12355B000005017200AA09FB32355B000075421005730700754310660271010405E671003C0401AA026663710105057C7100EC02662371010B05717100A982FB32355B000071010405E40800754310660271010405B271003C0402AA02666371010505487100EC02662371010B053D7100A90AFB32355B000071010405B00800670A60800A
:FFD20300A009E302A809C021EC01A80AC5120101EC01A80AC5120202EC01A80AC5120303EC01A80AC5120404EC01A80AC5120505EC01A80AC5120606EC01A80AC5120707EC01A80AC5120808EC01A80AC5120909EC01A80AC5120A0AEC01A80AC5120B0BEC01A80AC5120C0CEC01A80AC5120D0DEC01A80AC5120E0EEC01A80AC5120F0F670260C0A081A00A808B2E14A809A882C012A8816211A081A8096211A009B0897112FF808A610121E567036080A009E302A809581EFC342EC31EA809B01AEC03FC353201801AA809B092EC03FC3532028092A809B09AEC03FC353203809AA809B112EC03FC3532048112A809B11AEC03FC353205811AA809B192EC03FC3532B3
:FFD30200068192A809B19AEC03FC353207819AA809B212EC03FC3532088212A809B21AEC03FC353209821AA809B292EC03FC35320A8292A809B29AEC03FC35320B829AA809B312EC03FC35320C8312A809B31AEC03FC35320D831AA809B392EC03FC35320E8392A809B39AEC03FC35320F839A67027100F0A089A082A00B3C03002E28B089A882FEC21EFBF2365C0000FE0F1EB089A80AFEC21EFBF2465C0000FE0F1EB08962118089B08961F12BD6A881581EA809FC341EA889C31EA881B019A80AFC352101A88A8029A881B091A80AFC352102A88A80A1A881B099A80AFC352103A88A80A9A881B111A80AFC352104A88A8121A881B119A80AFC352105A88A8129A8C3
:FFD4010081B191A80AFC352106A88A81A1A881B199A80AFC352107A88A81A9A881B211A80AFC352108A88A8221A881B219A80AFC352109A88A8229A881B291A80AFC35210AA88A82A1A881B299A80AFC35210BA88A82A9A881B311A80AFC35210CA88A8321A881B319A80AFC35210DA88A8329A881B391A80AFC35210EA88A83A1A881B399A80AFC35210FA88A83A93C02002E18B081A88AFEC21EFBF2265C0000FE0F1EB08162118081B08161F12BE667046080A009E302A80939F7FD67026080A009581EFBF20201F8FFFECFEEC31EA809B112FBE20201F8FFFECE228112A809B212FBE20201F8FFFECE228212A809B312FBE20201F8FFFECE228312A809C510010337
:FFD50000A809B11AFBE20201F8FFFECE22801AA809B21AFBE20201F8FFFECE22811AA809B31AFBE20201F8FFFECE22821AB089FBE20201F8FFFECE11A80A8329A809C5100203A809B292FBE20201F8FFFECE228092B089FBE20201F8FFFECE11A80A82A1A809C5100603A809B392FBE20201F8FFFECE228192B089FBE20201F8FFFECE11A80A83A1A809C5100F03A809B29AFBE20201F8FFFECE22839AA809B19AFBE20201F8FFFECE22829AA809B09AFBE20201F8FFFECE22819AB089FBE20201F8FFFECE11A80A80A967027100ECEF12A102EF013930FC5801FBE20202F8FFFECE1EB109FBF20203F8FFFECF1FFC37FEFBF20201F8FFB281FECF15FC375EB389FECFEA
:FFD5FF001FFC37FEA901C31EFBE20201F8FF5801FECE11B10AFBF20202F8FFFECF2FFC37F1B282FBF20203F8FFFECF2FFC37F1B38AFECE2EFC37E1A9028029FBE20201F8FF5801FECE11B10AFECE2EFC37E1B282FBE20202F8FFFECE2EFC37E1B38AFBE20203F8FFFECE2EFC37E1A90280A15801FBE20203F8FFFECE11FBE20201F8FFB10AFECE2FFC37F1B282FECE2EFC37E1B38AFBE20202F8FFFECE2EFC37E1A90280A9B101FBE20202F8FFFECE11B20AFBE20203F8FFFECE2EFC37E1FBE20201F8FFB382FECE2FFC37F1B08AFECE2EFC37E1A9028121FBE20201F8FFB101FECE11B20AFBF20202F8FFFECF2FFC37F1B382FBF20203F8FFFECF2FFC37F1B08AFECE95
:FFD6FE002EFC37E1A9028129FBE20201F8FFB101FECE11B20AFECE2EFC37E1B382FBE20202F8FFFECE2EFC37E1B08AFBE20203F8FFFECE2EFC37E1A90281A1B101FBE20203F8FFFECE11FBE20201F8FFB20AFECE2FFC37F1B382FECE2EFC37E1B08AFBE20202F8FFFECE2EFC37E1A90281A9B201FBE20202F8FFFECE11B30AFBE20203F8FFFECE2EFC37E1FBE20201F8FFB082FECE2FFC37F1B18AFECE2EFC37E1A9028221FBE20201F8FFB201FECE11B30AFBF20202F8FFFECF2FFC37F1B082FBF20203F8FFFECF2FFC37F1B18AFECE2EFC37E1A9028229FBE20201F8FFB201FECE11B30AFECE2EFC37E1B082FBE20202F8FFFECE2EFC37E1B18AFBE20203F8FFFECE10
:FFD7FD002EFC37E1A90282A1B201FBE20203F8FFFECE11FBE20201F8FFB30AFECE2FFC37F1B082FECE2EFC37E1B18AFBE20202F8FFFECE2EFC37E1A90282A9B301FBE20202F8FFFECE11B00AFBE20203F8FFFECE2EFC37E1FBE20201F8FFB182FECE2FFC37F1B28AFECE2EFC37E1A9028321FBE20201F8FFB301FECE11B00AFBF20202F8FFFECF2FFC37F1B182FBF20203F8FFFECF2FFC37F1B28AFECE2EFC37E1A9028329FBE20201F8FFB301FECE11B00AFECE2EFC37E1B182FBE20202F8FFFECE2EFC37E1B28AFBE20203F8FFFECE2EFC37E1A90283A1B301FBE20203F8FFFECE11FBE20201F8FFB00AFECE2FFC37F1B182FECE2EFC37E1B28AFBE20202F8FFFECE81
:FFD8FC002EFC37E1A90283A967057100E4A181858AA103B58975511020187551182013755120200EA901F914F0003C06FF387A01B58BA982A9013953F9B58971111C6C218301B30168416011A902C721F0C500170E3C0D01384601B38106890104FBE6FCFEC1E18281B38106890104FBE6FDFEC1E18209B38106890104FBE6FEFEC1E18201B38106890104FBE6FFFEC1E18189B381B58AEF1EFC272E4F2E43E161012150C5000A0BB209FBE20201F8FFFECE11FC35010D8281B201FBE20201F8FFFECE118209B189FBE20201F8FFFECE118201B289FBE20201F8FFFECE118189B309FDC112687176111B01FC3712830A2E5BB5897551192917B381B58AEF1EFC272E4FA6
:FFD9FB002E43E17551101DF806010CF80600EC0161012036B281FBE20201F8FFFECE118281B209FBE20201F8FFFECE118209B201FBE20201F8FFFECE118201B189FBE20201F8FFFECE118189B3814101178289A901B28AFEC12EFC350E0AB382FE012EA901EF1249020E49010BB019FC3501098029A901EF1249020E49010BB091FC35010880A1A901EF1249020E49010BB099FC35010780A9B38162418381B38145010C280538B6FE3C0600C500060FB38967077100E0A189A182A10B593EF0610E204EA90BA98A71010339B1F83C02012E1C71010339FBFAB0826C420689020571010339D4F9B08162118081A909B0824512F029DF71010339CCF9B0836C4306890357
:FFDAFA0005A9817102033973F83C01000C3C01FFC5000113B48967087100E8A109A102A08BA084E50007012E2FA90AA8813987F7A80BA881EF12397BFF6101163C02012E25A882A90139C2F6A909711110A109A901711110A101A8897112FFA08A610121CA3C0200C5000203B08967066040E3017211F100754310660205126800EC01F9164500EC017543F066020501680067016080A009E302A80B754E10EF21EFE2056DFDFF67027100D4A281A20AA203AA81ED1E45610E3A0201754E10AA8106811E4506850E08220E754110AA8206812145E3010CE10008E40007AA8106891145BB83AA0A7211010105486700AA81ED1E4506890E07E71E45AA81ED1E4561FE25BF
:FFDBF90009AA01068501071DF806010CF80600EC0161013BC3003E02002E1BA882EF2E06890E0A5AEF0101FC35EFF1FE012FA8816211A081AA817211F100A88261F22BDDAA837232F100056CFEFFAA0906890107A209AA0106810107A2012E5E3E01002E1AA809AA0AFEC21E0689010AFC351EF1C71EF1A8096211A009A80961F12BE4AA827222F10075431071010C05A56600AA8371010CEF12051CFEFFAA817211F10075431071020C058A6600AA09711110A209AA017111F0A201AA01755110249FBC03AA0AAA817211010105676600AA01AA82E72145670B670B7100BCA401A38A754310660271012C05A56600AB8B71012CEF1205C0FDFFF5072C203B3E06002EA5
:FFDCF8001EA981710E2CFECE1F6C1FFF221EB02A6872572FFE0E1FA9816211A181A98161F129E059013B6C11C7013BFD78D18700C7013B2E313E05002E1EA909710E2CFECE1F6C1FFF221EB02A6872572FFE0E1FA9096211A109A90961F129E059013B6C11C7013BAB89ED1E45755E10212B3E04002E1DA901710E2CFECE1E0689010FFC361E0101CB1E0101A9016211A101A90161F12BE138BC00F5072C203B3E03002E1EA889710E2CFECE1F6C1FFF221EB02A6872572FFE0E1FA8896211A089A88961F129E059013B6C11C7013BFD78D18700C7013B2E313E02002E1EA881710E2CFECE1F6C1FFF221EB02A6872572FFE0E1FA8816211A081A88161F129E059013B98
:FFDDF7006C11C7013BAB8906891145FA140101802E0DAB8906891145FA14010100AB89ED1E45621EE71E4561FE25E93E01002E1DA809710E2CFECE1E0689010FFC361E0101CB1E0101A8096211A009A80961F12BE1F806002E18AB890688015A1E0101FC351EF1C71EF1EC016211E301EC0161F12BE6AB8A7222F10075431071011C05B46400AB8BAC0271011C052BFCFF754310660271012C05F96400671102052479000205277900026040E301FB2AE803054B8A0067016040E301FB2E40420F053C8A0067016040F806002E14EC016211E301760187132417661105556200FBEE4CC00858EE684E641E611E20E16701FBEE2BC008F0E7FBEE2CC008F0E0FBEE2BC0F2
:FFDEF60008F0E905E0330005093800FB129C7600003C1200FBE29C760000F9E42101FB129C7600003C1600FB129C7600003C1500FB129C7600003C1700020587330005EF37003960FFFBEE2BC008F0E1FB129C7600003C1200FBE29C760000F9E42100FB129C7600003C1600FB129C7600003C1500FB129C7600003C1700FBE29C760000F9E42200FB129C7600003E1900026080A009FBEE0BC008F1EF206611390BFFFBEE0BC008F0EFFBEE0BC008F1E7C0F80600660167026080A009FBEE2CC008F0E8661139E5FEFBEE2CC008F0E0F80600660167027100DCA201A18A930BA10CD50014093C0B0039DFFEFBEE2CC008F0E8BB0AA98905663300A009A8096101200E0B
:FFDFF500FBEE2CC008F0E0F806032E44FBEE2CC008F0E039B2FEFBEE2CC008F0E8661271010B05383300A009BA0AA909059C3300A009A8096101200EFBEE2CC008F0E0F806032E0CFBEE2CC008F0E0F80600EC01A08967097100E0A189A182928BA104D50012073962FEFBEE2CC008F0E8BA8AA98105E93200A009A9016101200CB98AA90105D93200A009A8096101200EFBEE2CC008F0E0F806032E0CFBEE2CC008F0E0F80600EC01A08167087100E8A109A102918B3913FEFBEE2CC008F0E8B98AA90105083300A009A8096101200EFBEE2CC008F0E0F806032E0CFBEE2CC008F0E0F80600EC01A08167066080A009EC11E30167026080A009E302A809E312670260CF
:FFE0F40080A009F80600660167026080A009FBEE43C00858E168116411E30167027100B4A481A40AAC8105A61400AC81661239C5FF396DFD396BFD3E0B00AC8171042C71033071023C05931400AC81710228050215003D8300AC8171022605501500AC81059815003E0600AC8171021F05B01800A201FC45011FFD72310000A040FD724100007F43FD7221000080BFFD7231CDCCAC3FA181A9816080A009FBE2601EF8FFE30E05F0F0006280AC813958003C80033C81003C82013C84023C87003C8600AC8171021005281600AC8171042C71033071023C05051400FBE2701EF8FFE4E001E5E00102C5E0080CC5E0090DAC8171020405E80800F80602EC02AC8105EA059D
:FFE1F3000067136040E30167016040E30167016040E30167016040E30167016080A009808A888961012B0B755117290E3C0316097501F62A053C03F7888AA8096623056F0700670260C0A081FBE27C1EF8FFC4E002C5E00103A8816040F805006604662371020605F3FDFF6240A00967037100E8A109A102FBE27E1EF8FFC4E00AC5E0010B66018101810981818189820182098101A9096040F80506710408662371020E0536FDFF6240E301EC0161012123B1016C81550105A902D321B1816C81550107A9029029B2016C81550109A90290A1EC01A08967067100E4A181A10AFBE2801EF8FFC4E00EC5E0010F6601818181898201820982818289830183098181A9812E
:FFE2F2006040F8050871040A662371021205CAFCFF6240E301EC016101212EB1816C81550107A90AD321B2016C81550109A90A9029B2816C8155010BA90A90A1B3016C8155010DA90A90A9EC01A10167077100ECA101A08AFBE2821EF8FFC4E006C5E001073C0500A9016040F80501710409662371020A0564FCFF6240E301EC0161011FB109A88AE321EC01A08167057100ECA101A08AFBE2841EF8FFC4E006C5E001076601810181098101A9016040F80502710408662371020A0520FCFF6240E301EC016101210EB101A88AC321B109A88A8029EC01A08167057100E4A181A10AFBE2861EF8FFC4E00EC5E0010F660182818289830183098281A9816040F8050471F3
:FFE3F100040E662371021205D1FBFF6240A009A80961013B9B00B28168117E11A90AC321B28968117E11A90A8029B301A90A80A1F5050DA90915F806010CF80600EC026102FCD11103F5040DA90915F806010CF80600EC026102FCD11104F5030DA90915F806010CF80600EC026102FCD11105F5020DA90915F806010CF80600EC026102FCD11106F5010DA90915F806010CF80600EC026102FCD11107F5000DA90915F806010CF80600EC026102FCD11108A809A10167077100E8A109A102FBE2881EF8FFC4E00AC5E0010B66018189820182098189A9096040F8050371040B662371020E05F7FAFF6240E301EC0161012120B18968117E11A902C3218A0162216821C2
:FFE4F000A9028029B20968117E11A90280A1EC01A08967067100ECA101A08AFBE28A1EF8FFC4E006C5E001073C0500A9016040F80501710409662371020A059FFAFF6240E301EC016101210CB10968117E11A88AC321EC01A08167057100E8A109A1023D0500710106F81600710102F81A0206A901C41004A901C5100105A901C5100206A901C5100307A901C5100408A901C5100509A901C510060AA901C510070BA9096040F80500660466A371020605ADFAFF6240A08967067100F0A089828AFBE2961EF8FFC4E001C5E00102C5E00203C5000B03A8896040F80500660466337102050579FAFF6240A00967047100E8A109A10266019109710E06E3E1710E02E3E1D1
:FFE5EF003C02023C03088101A9018101A9096040F80500660466337102060540FAFF6240A08967067100F0A089A082EF2139090BE301EC02A889390700A00967047100ECA101A08AFBE2991EF8FFC4E003C5E00104C5E00205C5E00306C5E00407A88969018109A88968818181A8898189A9016040F805006604665371020705DFF9FF6240A08167057100F0A089A082EF2139A80AE301EC02A889390700A00967047100ECA101A08AFBE29E1EF8FFC4E003C5E00104C5E00205C5E00306C5E00407A88969018109A88968818181A8898189A9016040F8050066046653710207057EF9FF6240A08167057100ECA101A08AFBE2A31EF8FFC4E002C5E00103C5E00204C544
:FFE6EE00E00305C5E00406C5E00507A88969818101A88969018109A88968818181A8898189A9016040F8050066046663710206052CF9FF6240A08167057100E0A189A182A10BA1043C0B00710107F81600710103F81A020CA98169018109A98168818181A9818189A9098201A90169018209A90168818281A9018289A9896040F805006604669371020705D5F8FF6240A08967087100E8A109A1023C0B00710107F81600710103F81A020DA901C41005A901C5100106A901C5100207A901A8198201A901A89169018209A901A89168818281A901A8918289A9096040F80500660466937102070579F8FF6240A08967067100F0A089A082FBE2BB1EF8FFC4E001C5E00157
:FFE7ED0002C5E00203A8818089A8896040F80500660466337102050545F8FF6240A00967047100E8A109A1023E02003E0100F80A020FA901EC1169818081A901EC1169018089A901EC1168818101A901EC118109A901A8198181A901A8918189A901A89969818201A901A89969018209A901A89968818281A901A8998289A9096040F80500660466C371020405D4F7FF6240A08967067100ECA101A08AFBE2CA1EF8FFC4E002C5E00103C5E00204C5E00305C5E00406C5E00507A889EC118101A889A8198109A889A8918181A889C5100C07A9016040F80500660466637102060580F7FF6240A08167057100E8A109A10266B3FB22D01EF8FF7101017F8FA9015C11682E
:FFE8EC00818089A901DC118101A901A8198109A901C5100806A901A8998189A901A9118201A901C5101409A901A9918281A901A9998289A9096040F80500660466B3710205051CF7FF6240A08967067100ECA101A08AFBE2DB1EF8FFC0E0C5E00101C5E00202C5E00303C5E00404C5E00505C5E00606C5E00707A8895C1168818081A889DC118089A889A8198101A889C5100805A889A8998181A889A9118189A9016040F805006604668371020405B3F6FF6240A08167057100ECA101838AA083FBE2E31EF8FFC0E0C5E00101C5E00202C5E00303C5000F02A8818089A9016040F80500660466437102040576F6FF6240A00967057100F0A089828A8283FBE2E71EF828
:FFE9EB00FFC0E0C5E00101C5E00202C5E00303C5000B02C5000A03A8896040F80500660466437102040539F6FF6240A00967047100F0A089A082FBE2EB1EF8FFC4E001C5E00102C5E00203A8818089A8896040F80500660466337102050505F6FF6240A00967047100E4A181A10AA103A08CA90939CA06A009A90139C306E301A88CEC03A80AA981390700A08167077100E0A189A182A10BA1043C0B00710107F81600710103F81A0214A98169018109A98168818181A9818189A90969018201A90968818209A9098281A9018289A9896040F80500660466937102070586F5FF6240A08967087100ECA101A08AFBE2F71EF8FFC4E002C5E00103C5E00204C5E00305C577
:FFEAEA00E00406C5E00507A889EC118101A889A8198109A889C5100806A889C5100907A9016040F80500660466637102060532F5FF6240A08167057100F0A089828AFBE2FD1EF8FFC4E001C5E00102C5E00203C5000B03A8896040F805006604663371020505FEF4FF6240A009670460C0A081FBE2001FF8FFC4E002C5E00103A8816040F805006604662371020605D5F4FF6240A009670360C0A081FBE2021FF8FFC4E002C5E00103A8816040F805006604662371020605ACF4FF6240A009670360C0A081FBE2041FF8FFC4E002C5E00103A8816040F80500660466237102060583F4FF6240A00967037100F0A089828AFBE2061FF8FFC4E001C5E00102C5E00203C530
:FFEBE900000B03A8896040F8050066046633710205054FF4FF6240A00967047100E4A181A10AA1033D0500710106F81600710102F81A0224A90969818101A90969018109A90968818181A9098189A90169818201A90169018209A90168818281A9018289A9816040F80500660466A371020605F2F3FF6240A08967077100F0A089910AFBE2131FF8FFC0E0C5E00101C5E00202C5E00303B9096881808199098089A8896040F805006604664371020405B5F3FF6240A00967047100ECA101838AFBE2171FF8FFC4E005C5E00106C5E00207B38961111DF806010CF80600EC018189A9016040F80500660466337102090575F3FF6240A08167057100F0A089A082A889763D
:FFECE80001C012240AA881F8161F384A01A8897601A816240AA881F81617383A01A8897601841C240AA881F8160F382A01A8897601E425240AA881F8161E381A01A8897601B42D240AA881F81616380A01A88976010839240AA881F8160E38FA00A88976012C4C240AA881F8161D38EA00A8897601685B240AA881F8161538DA00A88976017472240AA881F8160D38CA00A8897701589800240AA881F8161C38B900A889770134B700240AA881F8161438A800A8897701E8E400240AA881F8160C389700A8897701783101240AA881F8161B388600A8897701686E012409A881F816132E75A889770134CA012409A881F8160B2E65A88977012862022409A881F8161A91
:FFEDE7002E55A889770140DB022409A881F816122E45A88977013C93032409A881F8160A2E35A8897701C0C2042409A881F816192E25A889770160B3052409A881F816112E15A88977013820072408A881F816090DF806030CF80600EC01A00967047100ACA501A48AAD01B211A409AC89E41010AD01A8196111FCD1003FAC0161612A06F806010CF80600E4000EAC89A8916141FCD10A37AD01A8996111AC091DF806020CF80600068801A301AC89B3116101AC0115F806010CF80600EC026C124321A28959013761013ADC003E0404AC89A89161711DF806010CF80600068801A08959013F6101AC012062AB826C124B216021A081AB01068D01036C31A902068D02BC
:FFEEE60002637247212A17AB01068D01036C31A281A901068D0102A20938CF00A8816C31A009A901EF12068D020B6C32AB03068D03036C334B32068D01014312A282A901068D010BA20938A200AB826C326C214B217111E47521F8A181AB016C31068501062B12AC096C31068501062808AC096C31A181AB016C3106810106A109A90969F16101143E0500A909068D0103A902068D020B6C324B21A281A901068D010BA2092E47AC016C21AB826C324B216081A18159013F610115F806000CF80601EC01610110A9817111ECA181AB016C3106810106A109A90969F16101143E0500E500050AAA896C21A209AA09EF120689020A6012FC2312A18A590137610115F806C9
:FFEFE500000CF80601EC0161012010AC89A8916241068D01076281A189AB816C11AD0206C821068901076241A201AC016021661EFD621EAA016C2178014FE16011A481671560C0A081F80600A8816111202861212030613120396141203C6151203F6161204161A12022619120126181213AF80AB1282E34F80A093D2E2EF80A61512E28F80A127A2E22F80EC3A2002E1BF80E24F4002E14F80E48E8012E0DF80E90D0030EF80E20A107EC01A00967037100ECA101A08AA90139ABFD7611E803A009A889A819397FFFE301EC02EF21068901016011FC2721A08167056E6760C0A081A91261125C161DF806080CF80600068806A881491608A89A6102B5171DF806000C8E
:FFF0E400F80601A881A991068807399B004B176C37EF614B71A0093F67057100ECA101A08AA90139B6FF7611E803A009A889E010EC02EF21068901016011FC2721A08167056080A0096CF1FD7891E803E30167027100E4A181A10AA103FBE21A1FF8FFC4E00AC5E0010BA9816040F8050171040D662371020E0570EEFF6240A009A8096101211EF50409A90915F806010CF80600EC026102FCD011B2096471A902E321A809A089670760C0A0816101201761612021612120146141201561112119F806002E17F806012E12F806022E0DF8060108F806020CF80600EC01A00967037EA66080A009A819399600EF16A809A81AEC1139B0006C114B1671664AE306EF613F09
:FFF1E30066036080A009390A0071116FE301670260C0A08161F1245DFBE2E819F8FFFE41EE7F4EF806102E50F806202E4BF806302E46F806402E41F806502E3CF806602E37F806702E323E00802E2D3E00902E283E00A02E233E00B02E1E3E00C02E193E00D02E143E00F02E0FF80A100109F80A30010CF80600EC01A009670360C0A081614120126151126161210FF806102E0DF8061F08F806390CF80600EC01A00967037EA660C0A081A00AB206EF210596FDFF6612FD6262771240420FFC2712E302EF213F66047200E4FEE70146E70245E70344CB040F01ED0144ED05456080E3018104FB3A050171020A72010A01EF54396F0262805A020F01ED014660406C22CD
:FFF2E200D302710406666372020601055CEDFF6240E7014267477100E0A189A182A10B848CF80603B48CA983FB2A060171010539BB01B48AA90CA98960406C22D302667371020905A4ECFF6240E301EC0161011AB48BA909EF12393002EC01A08967087100E4A181A10AA103838CA90BFB2A0701710102394101B38AA904A9816040D302666371020605E2ECFF6240A08167077100E4A181A10AA103838CB38CA90BFB2A0801710101394501B38AA904A9816040D30266737102050530ECFF6240A08167077100ECA101A08A828BFBE21C1FF8FFC4E002C5E00103B28AA88CA9016040D30266237102060581ECFF6240A00967057100ECA101A08A828B8284FBE21E1F68
:FFF3E100F8FFC0E0C5E00101C5E00202C5E00303C5000B02C5000A03B282A88CA9016040D302664371020405C1EBFF6240A009670560C0A081FBE2221FF8FFC4E002C5E00103A8816040F80500660466237102060518ECFF6240A00967037100DCA201A18AA183A10CA98BFB2A0C01710102394700A98169818201A98169018209A98168818281A9818289A90969818301A90969018309A90968818381A9098389AA016040F80500660466E371020605BDEBFF6240A101670960C0A081908AE303B8896881A882C3219889A8828029EC016981A88280A1EC016901A88280A9EC016881A8828121EC01A882812967037100F0A089910AA00B808CA80BB90AA88939B9FF9B
:FFF4E000B089A88A81A167047100F0A089A082818B3D02002E44B8816C2106890103E301A881B882FE621E698EEC01C31EA881B882FE62116901EC028029A881B882FE62116881EC0280A1A881B882FE6211EC0280A9988162119081B88145010729B967047100E8A109A102918BA084E5000701C5002003A883B98AA909393CFFB08BA80AA9013985FF67067100F0A089A082818B3C06002E2EB1816C2106890102E301EC01581E6D8EB01A6D02572EB0926C82572E551E03B181A88AFE212EB18162118181B18145010729CF670460C0EF24A081A00CA8816602EF23391300E30167036080A00905C0E9FFE30167027100E0A189A182A10BA104A989666371020605A9
:FFF5DF00C0EAFFE301EC016101212DA982B18139B708A90AB18939DB08A90161012019B2016D81B20A6D025721B2826C82572155010BA902E321EC01A089670860C0A081FBE2241FF8FFC4E002C5E00103A8816040F8050066046623710206050FEAFF6240A00967037100E8A109A102FBE2261FF8FFC4E00AC5E0010B660181818189820182098181A9096040F8050471040A662371020E0556E9FF6240E301EC0161012119B181A902C321B189A9028029B2016C81550109A9029029EC01A08967067100E8A109A102FBE2281FF8FFC4E00AC5E0010B660181818189820182098181A9096040F8050271040A662371020E05FCE8FF6240E301EC016101210DB1816C58
:FFF6DE0081550107A902D321EC01A089670660C0A081FBE22A1FF8FFC4E002C5E00103A8816040F8050066046623710206053EE9FF6240A00967037100F0A089828AFBE22C1FF8FFC4E001C5E00102C5E00203C5000B03A8896040F8050066046633710205050AE9FF6240A00967047100F0A089A082FBE22F1FF8FFC4E001C5E00102C5E00203A8818089A8896040F805006604663371020505D6E8FF6240A00967047100F0A089828A8283FBE2321FF8FFC0E0C5E00101C5E00202C5E00303C5000B02C5000A03A8896040F80500660466437102040599E8FF6240A00967047100F0A089910A9103B90968218089B9016231FD7481048081B083B08AA88939A4FFA044
:FFF7DD000967047100E8A109A1023D0500710106F81600710102F81A0112A901C41004A901C5100105A901C5100206A901C5100307A901C5100408A901C5100509A901C510060AA901C510070BA9096040F80500660466A37102060515E8FF6240A08967067100E4A181A10AA1033D0500710106F81600710102F81A0113A90969818101A90969018109A90968818181A9098189A90169818201A90169018209A90168818281A9018289A9816040F80500660466A371020605B8E7FF6240A08967077100ECA101A08AFBE24A1FF8FFC4E002C5E00103C5E00204C5E00305C5E00406C5E00507A88969818101A88969018109A88968818181A8898189A9016040F805004D
:FFF8DC00660466637102060566E7FF6240A08167057100E8A109A1023E0200A90971020839AFFCA009A80961011AA881610115F806010CF80600EC01610112A882A9093980FFA009A80961011AA901610115F806010CF80600EC01610117A881A902E321A809A08967067100ECA101A08A828BFBE2501FF8FFC4E001C5E00102C5E00203B2896C21069501038089A9016040F805006604663371020505D5E6FF6240A00967057100E8A109A102A08BFBE2531FF8FFC4E002C5E00103C5E00204C5E00305C5E00406C5E00507A9018101A88969018109A88968818181A8898189A9096040F80500660466637102060583E6FF6240A08167067100ECA101838AFBE2591F3A
:FFF9DB00F8FFC4E005C5E00106C5E00207B38961111DF806030CF80600EC018189A9016040F80500660466337102090543E6FF6240A08167057100F0A089A082FBE25C1FF8FFC4E002C5E00103A884A8896040F8050166237102060597E5FF6240A00967047100ECA101A08AFBE25E1FF8FFC4E006C5E001076601810181098101A9016040F80502710408662371020A0562E5FF6240E301EC016101210DB1016C81550105A88AD321EC01A08167057100ECA101A08AFBE2601FF8FFC4E001C5E00102C5E00203C5E00304C5E00405C5E00506C5E00607B6096C114901188089A88969818101A88969018109A88968818181A8898189A9016040F8050066046673710261
:FFFADA0005056EE5FF6240A08167057100F0A089A082FBE2671FF8FFC4E001C5E00102C5E00203A8818089A8896040F8050066046633710205053AE5FF6240A00967046080A009058EE4FFE301670260C0A081FBE26A1FF8FFC4E002C5E00103A8816040F80500660466237102060505E5FF6240A00967037100F0A089A082FBE26C1FF8FFC4E001C5E00102C5E00203A8818089A8896040F805006604663371020505D1E4FF6240A00967047200DCFEE70148E70247D7038DE70445CA0028011301FBE26F1FF8FFC8E00701C9E0010801C9E0020901C9E0030A01C9E0040B01ED0147CB0109015D018D6881CB010A01DD018DCB010B013D02002E49B8816C2171020734
:FFFBD9004B12E302ED0145B882FE621E698EEC01C31EED0145B882FE62116901EC028029ED0145B882FE62116881EC0280A1ED0145B882FE6211EC0280A9988162119081B8814601130129B35A021301ED014860406C22D30271040B665372020B010512E4FF6240E7014367497100D4A281A20A940BA18CC500301BFBE2741FF8FFC4E00EC5E0010FC5E00210C5E00311C5E00412C5E00513AA098401BC09688184099C098481C5001B13B68AA98CAA8160406C22D30266637102120538E3FF6240A081A8816101213A3C07002E2EB1896C2106890107E301EC01581E6D8EB01A6D02572EB0926C82572E551E03B189A98AFE212EB18962118189B18945011B29CFA868
:FFFCD80081A109670B7100F0A089A082FBE27A1FF8FFC4E002C5E00103A884A8896040F80508662371020605CAE2FF6240A00967047100F0A089A082FBE27C1FF8FFC4E002C5E00103A884A8896040F805086623710206059EE2FF6240A00967047100F0A089A082FBE27E1FF8FFC4E002C5E00103A884A8896040F8050466237102060572E2FF6240A00967047100D4A281A20AA203878CE5000C06754313FB22801FF8FF7101017F8FAA09C41003AA09C5100104AA09C5100205AA09C5100306AA09C5100407AA09C5100508AA09C5100609AA09C510070AAA01C4100BAA01C510010CAA01C510020DAA01C510030EAA01C510040FAA01C5100510AA01C5100611AAAB
:FFFDD70001C5100712C5001F13A984AA816040F8050475431371020505DAE1FF6240A109670B7100F0A089A082FBE2931FF8FFC4E002C5E00103A884A8896040F80504662371020605AEE1FF6240A00967047100ECA101838AFBE2951FF8FFC4E005C5E00106C5E00207B38961111DF806010CF80600EC018189A9016040F805006604663371020905EEE1FF6240A08167057100ECA101838AFBE2981FF8FFC4E005C5E00106C5E00207B38961111DF806010CF80600EC018189A9016040F805006604663371020905AEE1FF6240A081670560C08289A00A61022021F5000BA80915F806010CF80600EC026102FCD11104B2896811A80AE3216703670360C08289A00A1F
:FFFED6006102202BF5000BA80915F806010CF80600EC026102FCD11108B28964E16811A80AA029B2896841A80AE3216703670360C0A08161011E3C051F2E5A3C06002E4CB1816C31FBE2540BF8FF4B1EA8810684E1231AB1816C31FBE2540BF8FF4BE1A882068512022206F806010CF80600EC016101B18120126C31FBE2540BF8FF4BE1C5100C052E0F62118181B18175511523B12E00C5000507B18967036040E301FBE2E4750000E3E1FB22EF0DF9FFFB12E87500000588E1FF6602FB12E87500000550FBFF6612FB12E87500000546E1FF6612FB12E8750000059CF7FF66C36602FB12E875000005E5E9FF6603FB22FC0FF803FB12E87500000571F8FFFB227B0D21
:FFFFD500F9FFFB124876000005691700FB22B50DF9FFFB125C76000005591700FBE22E5E0000F8E40067016080FB12E875000005D9E0FF61812016711EFB613E230B6141210FF806022E0DF8060108F806030CF80600EC01A00967026040E301611120196612FB12E8750000059DE7FFFB122F5E00003C110067016622FB12E87500000586E7FFFB122F5E0000B01A44122018FBE22F5E0000C4EE01FB122F5E0000B01939C00C670167016040EF12E302FB12E8750000054DE6FF67017100E8A109A102918BA0843C06013D0200F8060066013989FFA90939D3FFA9027100F066018309830182898281820982019089E3023C0E013D0203FB3A5802EF14395E00710049
:02000004FFF902
:FF00D400106601398409661105C1DDFF05AD1A00E3012E16660139340B90819881064501072B073C06002E0EEC0105991A000685010223E2390B09C5000607B18967066080F80600392A09EF02FB12E875000005D6FCFFEC01A00967027100D4A281A20AA203878CE5000C06D5001A0BD5001B0AC5003813C5003912C5003A11C5003B10C5003C0FC5003D0E59013E8309FBE22D5E0000C3E1B30961111C3D0A00B4896111210CFBE22C5E0000C10E120AFBE22C5E0000F8E4FFAA8161113A4B0161013BAE026602FB12E87500000583E9FFFB12E87500003E1101FBE2E8750000E50E0802FB12E87500003E130BAA096C113943FDFB22E8750000A121FB12E87500005F
:FF01D3003E1A01BA896C31FB22E875000095A1FB12E87500003E1C04FBE2E8750000F9E43418FB12E87500003E1E00B48961111DF806000CF80601FBE2E8750000E40E0FFBF22C5E0000C4FE40B4096111210CFB12E87500003E91060AFB12E87500003E9101FB12E87500003E9201390408FB12E8750000A81961111DF806000CF80601EC0139D8FDFB12E875000071120805ADE5FFFB12E875000071122C0565E6FFFBE29C1FF8FFC4E005C5E00106C5E00207C5E00308C5E00409C5E0050AC5E0060BC5E0070C710205FB12E875000005A8E2FFFB3A2110FB2A0F1DFB12E87500000552E9FFFB2AFF01FB12E875000005A1E9FFBA817611401F06A1090108FBE250B0
:FF02D200900000E3E1670B6602FB12E87500000540E8FFB502FB12E875000005E3E8FFFB12E87500003E1102FBE2E8750000E50E0806FBE2040CF8FFAA09FE61E1FB22E8750000A1A9B789FB22E8750000A221AA096101211CAA0161B116AA0161C11DF806010CF80600EC01610115F806010CF80600EC0161012118AA0961111AAA0161C11DF806010CF80600EC01610115F806010CF80600EC016101200EFBE2E8750000F9E424012E0CFBE2E8750000F9E42400FB12E87500003E1A02FB12E8750000A9916151200DFB12E8750000A99161611DF806010CF80600EC016101BA89201D61B12A0EFBE2E8750000F9E5260C2E16FBE2E8750000D50E0B260AFBE2E87585
:FF03D1000000D7E126B489FB22E8750000A521FBE2E8750000FBF22C5E0000C4FE54B409FB22E8750000A5A1B381FB22E8750000A5A9FB12E8750000A81961111DF806000CF80601EC013916FCFB12E8750000711218055CE4FFFB12E875000071124C0507E5FFFBE250900000F8EEFFFF00670B670B7100D0A289C7022BA20BA204E5000D07C500381BD5001D0CC5003C17C5003D16C5003E15C5003F14C5004013E5001103AA8961113A2E0161013B6F02FB12E87500003E1101FBE2E8750000E50E0702FB12E87500003E130BAA016C113966FAFB22E8750000A121FBE2E8750000E50E0905FB12E87500003E1A01BB016C31FB22E875000095A1FB12E87500003EEF
:FF04D0001C04FBE2E8750000F9E43418FB12E87500003E1E00B58961111DF806000CF80601FBE2E8750000E40E0FB5816111210CFB12E87500003E91060AFB12E87500003E9101FB12E87500003E9201392605FB12E8750000A81961111DF806000CF80601EC0139FAFAFB12E875000071120805CFE2FFFB12E875000071122C0587E3FFFBE2A41FF8FFC4E004C5E00105C5E00206C5E00307C5E00408C5E00509C5E0060AC5E0070B710204FB12E875000005CADFFFFB3A2110FB2A0F1DFB12E87500000574E6FFFB2AFF01FB12E875000005C3E6FF384901FB12E87500003E1102FBE2E8750000E50E0706FBE2040CF8FFAA01FE61E1FB22E8750000A1A9B689FB2209
:FF05CF00E8750000A221AA016101211CA98961B116A98961C11DF806010CF80600EC01610115F806010CF80600EC0161012118AA0161111AA98961C11DF806010CF80600EC01610115F806010CF80600EC016101200EFBE2E8750000F9E424012E0CFBE2E8750000F9E42400FB12E87500003E1A02FB12E8750000A9916151200DFB12E8750000A99161611DF806010CF80600EC016101BB01201D61B12A0EFBE2E8750000F9E5260C2E16FBE2E8750000D50E0C260AFBE2E8750000D7E126B589FB22E8750000A521FBE2E8750000FBF22C5E0000C4FE54B581FB22E8750000A5A1B489FB22E8750000A5A9398B03FB12E8750000A81961111DF806000CF80601EC0193
:FF06CE00395FF9FB12E875000071121805A5E1FFFB12E875000071124C0550E2FFCD022BFB12E8750000051ADBFFFBE24C900000E10E03670C6080A0093C0301B089670260C0A081F80600A8816111202861212030613120396141203C6151203F6161204161A12022619120126181213AF80AB1282E34F80A093D2E2EF80A61512E28F80A127A2E22F80EC3A2002E1BF80E24F4002E14F80E48E8012E0DF80E90D0030EF80E20A107EC01A00967037100E8A109848A9203838CC5001C0EC5001D0D3C0703BA016C31B38A61021DF806080CF80600B18A6C320688014B21B30A6112B3821DF806020CF806000688026C324B21A08167067100D4A281A20AC7032394044F
:FF07CD00C500301FC500311EC500321D5901236241A1093C8300AA09615116AA0961611DF806010CF80600EC01610112BC0161B12A053D800CAA816101211CAA0961B116AA0961C11DF806010CF80600EC01610115F806010CF80600EC0161012118AA8161111AAA0961C11DF806010CF80600EC01610115F806010CF80600EC016101143C8301B7816C31B70A610215F806100CF80600AA0A6C220688014321B78A610215F806000CF80614068801A081AA096161240AAA096C21A0892E1AA8816281A081B4896111AA091860216C21A0890D6C21A089A88169F16101143E0200A889EF12068902026012FC2312068D020506C9021062C2A00AAA0961612408A80962E0
:FF08CC0021A009AA096021661EFD621EA8096C2178014FE1A181670B7100E0A189A182A10B848CD5001208C500260FC500270EC500280D3E0100F80601A9896111202961012159B30D590F0EB38CBA03B48AA9096040800DC30F3957FE62407611E803A009E100052E36B30D590F0E590E0FBA04B48BA90AA98160408085C70F01C30E3976FE62407611E803A009FBE2040CF8FFA981FE61E139ADFDE301EC02EF21068901016011FC2721A081670860C0A081818A6603FB2A0404FB12E875000005B5EEFFEF02FB12E875000005AAD9FFEC016121B189211AFBE2E8750000C7E154FB12E875000071124C0584DFFF2E18FBE2E8750000C7E140FB12E875000071122C89
:FF09CB000508DFFFB18BA882FB12E875000005CAE9FF6602FB12E8750000058FDCFF6642FB12E875000005F6D6FFFBE24C900000ECE2FB124876000005681100FB1248760000055B0D00670360403C02013C03006040D100036602FB12E8750000055EF0FF62406602FB12E875000005B1D6FF66110561D4FF67016602FB12E8750000059BF0FF6612FB12E87500000591D6FF026040E3016603FB2A0804FB12E875000005D3EDFF6602FB12E87500000527E2FFEC0161012018EC02FB125C76000005E21000FB125C76000005D50C00FBE22D5E000058EE611E2120FB22FFFFFF00FB12E87500000564DBFF6662FB12E8750000052CD6FF6701FBE250900000ECE26CA2
:FF0ACA00F2FB12E87500000542DBFF6652FB12E8750000050AD6FF67016040E3016603FB22FC0FF803FB12E87500000549EDFFEC0161012018EC02FB125C76000005641000FB125C76000005570C006612FB12E87500000581E1FFFBE22D5E000058EE611E2120FB22FFFFFF00FB12E875000005DADAFF6662FB12E875000005A2D5FF6701FBE250900000ECE26CF2FB12E875000005B8DAFF6652FB12E87500000580D5FF67016080EF23A009E303A80A6604FB12E875000005CFDEFF6672FB12E8750000055CD5FF6702FB12E875000005BEDFFF6682FB12E87500000544D5FF026040E301EF126CF2FB12E875000005BEDAFF6642FB12E87500000525D5FF670160D2
:FF0BC900C0A081818A9083B8817611E803E301A882FB12E875000005F5DAFF898AFB12E87500000522D6FFFB12E87500000588DFFF6642FB12E875000005E5D4FFEC02FB1248760000055D0F00FB124876000005500B0067036080A0093C0100710201FB12E875000005D6D8FF88099009B809DF1167026080A009808AA80A6614710303FB12E875000005F2E6FF67026080A0093C0200A80A6614710302FB12E87500000508E7FFC5000203B089670260C0A081A00A808BB08BA80AFB12E8750000051CE7FF670360C0A081A00A808BB08CB203A80AFB12E87500000531E7FF67036080A009808AB08BA80AFB12E875000005ECE6FF67026080A009808A8083B084B0C1
:FF0CC8008BA80AFB12E87500000501E7FF67026080A009808AA80961112124B089FBE22C5E0000C3E1FBE2E8750000C7E154FB12E875000071124C0538DCFF6702FB12E8750000AB9961112124B089FBE22C5E0000C3E1FBE2E8750000C7E140FB12E875000071122C05A6DBFF6702670260408089FBE22F5E0000C3E1661139EAF2B08961112111754234FB12E87500000551D8FF67016602FB12E87500000543D8FF67016040FB12E87500000582D3FF6231E30167016080A009FBE2E4750000ECEE610E2013FBE2E4750000ECE1A819610115F806010CF80600EC0161012010FBE2E4750000ECE1A8197F11670267026080A009FBE2E4750000ECEE610E2013FBE2E6
:FF0DC700E4750000ECE1A899610115F806010CF80600EC0161012010FBE2E4750000ECE1A8997F11670267026040E301FBE22E5E0000F8E40139B30067017100DCA201A18AAA0105D3D2FFA009A98CAA0171030871021405B2E7FFA989EC12AA010577EAFFAA0105D4D2FF61111AFBE22E5E0000F8E401A989EC1E7C2E18A989EC1E7C8E15F806010CF80600EC01610118A989EC1E7CAE15F806010CF80600EC01610111AA016612057CD2FFA989EC1E7C6E18A989EC1E7C3E15F806010CF80600EC01610118A989EC1E7C7E15F806010CF80600EC0161012012A8096161200CAA0166120540D2FF670967097100F0FBE22E5E000058EE611E3BE902055E5B00FBE22E1E
:FF0EC6005E0000F8E40071020CFB12E8750000392CFFA88964416141213EFB124876000005F50A00FBE2E4750000ECEE610E2013FBE2E4750000ECEEECEE610E15F806010CF80600EC016101200EFBE2E4750000ECEEECEE7F1EA889648161813BEB00FB125C76000005B00A00710206FB12E87500000546D4FFB184B18BFB22625C0000FB12E87500000586E4FF710208FB12E875000005E6D3FFA88161212158FB22565C0000FB12E87500000536D5FFFBE2E4750000ECEE610E2013FBE2E4750000ECE1A891610115F806010CF80600EC0161012076FB12565C0000881CCC13FBE2E4750000ECE1A895B182FB12625C00007F152E56FB22595C0000FB12E8750000BD
:FF0FC5000504D4FFFBE2E4750000ECEE610E2013FBE2E4750000ECE1A891610115F806010CF80600EC0161012020FB12595C0000881BFBE2E4750000ECE1A895B1826604FB12625C00007F15A889762180007551802134FBE2E4750000ECEE610E2013FBE2E4750000ECE1A911610115F806010CF80600EC016101200EFBE2E4750000ECE1A9117F11A88976210001760100012141FBE2E4750000ECEE610E2013FBE2E4750000ECE1A991610115F806010CF80600EC016101201BFBE2E4750000ECE1A992A8897621000276010002FCDB107F12A8897621000476010004213EFB125C76000005340900FBE2E4750000ECEE610E2013FBE2E4750000ECE1A8996101154E
:FF10C400F806010CF80600EC016101200EFBE2E4750000ECE1A8997F11A889752140755140213EFB125C76000005EE0800FBE2E4750000ECEE610E2013FBE2E4750000ECE1A899610115F806010CF80600EC016101200EFBE2E4750000ECE1A8997F11A889772100000877010000082134FBE2E4750000ECEE610E2013FBE2E4750000ECE1A999610115F806010CF80600EC016101200EFBE2E4750000ECE1A9997F11A889772100001077010000102136FBE2E4750000ECEE610E2013FBE2E4750000ECE1AA11610115F806010CF80600EC0161012010FBE2E4750000ECE1AA117F11670467046040E30105725800EC01FBE274760000E11E01FBE2335E0000F8E400BB
:FF11C300FBE274760000ECEE616E3AC800611E2023612E203F613E205B614E2077615E3A9300610E3BCE00FBE2315E0000F8E4016701FBE278760000FBF274760000E0FE6040FBE2AC1FF8FFE30E0579C00062406701FBE278760000FBF274760000E0FE6040FBE2CF1FF8FFE30E0559C00062406701FBE278760000FBF274760000E0FE6040FBE2F01FF8FFE30E0539C00062406701FBE278760000FBF274760000E0FE6040FBE20F20F8FFE30E0519C00062406701FBE278760000FBF274760000E0FE6040FBE22C20F8FFE30E05F9BF0062406701FBE278760000FBF274760000E0FE6040FBE24C20F8FFE30E05D9BF0062406701670160C0FBE270760000ECE105FE
:FF12C20088B600A009A809610115E100010CF80600EC01A08167037100DC3C8F003E0100053E7A003E03013E0408F90E0580841E3E0600FBE2100CF8FFECE3B7896040FBE270760000E30EFB42A711F9FF710210052CAD006240A009A809610116E100012E27F90E0280841EFBE270760000ECE17103086612052AAF00A009A809610115E100010CF80600EC01A20167097100E8A109920A3E0200FBE2325E000058EE06CD0E09FBF254900000E3FEFBE2315E0000F8E400FBE2100CF8FFECE2FBE270760000ECE1BA0CA90B0586B100A081A881610110E50002012E1E03FBE2315E000058EE610E15F806000CF80601EC01610121E93E0100A809A08967067100E8A18D
:FF13C10009920A3E0200FBE2325E000058EE06CD0E09FBF258900000E3FEFBE2315E0000F8E400FBE2100CF8FFECE2FBE270760000ECE1BA0CA90B05D0B000A081A881610110E50002012E1E03FBE2315E000058EE610E15F806000CF80601EC01610121E93E0100A809A08967067100E4A181A10A920B3E0200FBE2315E0000F8E400FBE2100CF8FFECE2FBE270760000ECE19A0DA90CA9836040D30505FEB0006240A081A881610110E50002012E1E03FBE2315E000058EE610E15F806000CF80601EC01610121E93E0100A809A089670760C0A08168A1E301A8817621FF03A081EC017611E803A8827612E80368A24B21A0096703027100E071020871010439D70069
:FF14C000E301EC01FBE27C7600000680E1A189670860808189F80600B189684163A1E301B18964F10688018181B18167027EA66080A009E302FB1E08C408A80A989980A9A809FBEE08C408C5E10401A809FBEE08C408C5E10202A809FBEE08C408C0E1EC0161012120A80EB0E939A8FF80E9A80EB069399FFF8069A80EB0E13996FF80E13F66033F66037EA66080A009E302FBEE02C408A809C1E104A809FBEE02C408C5E10201A809FBEE02C408C4E102EC0161012120A80E5861395AFFC361A80EB0693951FF8069A80EB0E13948FF80E13F66033F66037100DCA201A18A3E04003E0300AA0166023948FFA9896602399AFFAA01B0997611B50562316821A009AA0167
:FF15BF00663EFC311E031FF80E5055440FF802A0AA9900EC01A081AA02B02A6012FDC12EFD60E1643175123D6212FD748202431206890201A00AAA01B091068901016011A009A8097711805101A009A989B01A75123C491202581E761E100E4BE206890201A00AFBEAFF03A98906811E01A809FD96126CA14BE1FD742200A102A089A902A889A182A1096709027100E4A1813D0B00FBE27C760000C1E004C5E00501C5E00602C5E00703E5E00201E5E00302E5E00403E5E0050439D2FFFB1AFF03068101019289A9817621FF0306C9010B9289A98168A1A18167076080A009FD99126C71660475437D05A8BE00E30167026040FBE27C760000ECE1E30167016040E301E6
:FF16BE00398AFF67017EA66040FB627C76000071620471611839C1FEE361FBE27C760000ECE1E3013F66026040F80603663167017100E0710208710104399DFEE301EC01A189670839080202FB3260900000FB220217F9FFFB1AE80305155F00FBE2615D0000C3E102FBE260900000ECEE755EFF2017FBE260900000ECE1057F5F00FBE2615D0000C3E102026080A009E302A809F81600A8093E1100A8093C1800EC01A80AA0A9A8093E140067027100F0A0893E02003E0100A889610111A88939B00361111DF806010CF80600EC016101217DA889E11101A8893C1800FBE25C900000ECEE610E1AA889EC12391F016704FBE25C900000ECE1B2116111213339CB03A08F
:FF17BD0081FBE25C900000ECEEA8810684E1250DFBE25C900000ECEEE4E002FBE25C900000ECEEECE106810102A0092E0DFBE25C900000ECEEE4E001A889A80A068412250739C7006704390700670467047100E8A109A1023E03003E0200FBE25C900000E4E001FBE25C900000ECE1E11004EC0161012119A909EC1E06810E04E31EA909A80AA121A9093E14006706E5000403EC01EC1106890104A0812E67A909A882068412252BA909EC1E06810E03E31EEC016101200DEC01EC1EA90A06802EE31EA909A80AA121EC01A90AA1216706E40001EC01E11004A881EC02A08961022119A909EC1E06810E03E31EA909A80AA121A9093E14006706EC01EC1106890102A0F9
:FF18BC0081A80961012197670660C0A081A00AFBE25C900000E0E0EC0161012012A809A882068021EC02E321EC013C1800EC01A882A121A8813C1801FBE25C900000E10E02FBE25C900000ECE139A902670305135100FBE2345E0000F8E4013904000260C03E020005FD5000FBE2345E000058EE611E3BAB00395302A081FBE25C900000ECEEA8810684E12306F8E60009ECEF06810F02E3EFFBE25C900000ECE13C18002E1CA009FBE25C900000ECEFE1FE04A809A899610117A809A8997F11FBE25C900000ECEE610E2013FBE25C900000ECEEECEE610E1DF806010CF80600EC016101FBE25C900000ECE121BA61012026FBE25C900000ECE1B21161112018FBE25C8E
:FF19BB00900000ECE13C1801FBE25C900000ECE139E301FBE2345E0000F8E400670367037100E8A1093E04003E0300FBE25C900000E4E002FBE25C900000E4E001FBE25C900000ECEE610E16A90961011DF806010CF80600EC0161013B1501FBE25C900000ECEE06850E053BC000FBE25C900000ECE1B21161112176395101A101A909A9020684122507A909E41004A909EC1106810104A089FBE25C900000ECE1A91161012040FBE25C900000ECE13C1800FBE25C900000ECEFE1FE04FBE25C900000ECEEECEF06890F03E3EFFBE25C900000ECE13C1801FBE25C900000ECE13917016706FBE25C900000F8E6006706FBE25C900000ECE1A91161012024A909E41003A0
:FF1ABA00FBE25C900000ECEFE1FE04FBE25C900000ECEEECEF06890F03E3EF6706FBE25C900000F8E6006706A909E410032E3BA80906850105212BA9116101201AA809E5100401A809A882A121A809EC1E06890E03E31E67063E0100A809A882A1216706A081A809E5100401A809610121C367067100F0A089FBE25C900000E4E0012E14A809068501031E3C03012E11A809E5100401A809610121EA3C0300C500030BB28967046040E301397AFEEC013902FC67016080A009E302A8093968FEEC01A80AE321EC01A80AA02967026040F80601661167016040055FFBFFE30167016080A0090553FBFFE30167026080A009F80600660167026040E301FBE2355E0000F8D6
:FF1BB900E40067016040FBE25C900000ECEE610E2013FBE25C900000ECE1B21161111DF806010CF80600EC0161012027FBE2355E000058EE614E2A10FBE2355E000058EF621FC3EF6701FBE2355E0000F8E4006701670160408089B0897551E03B9D00FB12C4770000B39161112148FB12C47700003C1E00FBE2775E0000F8E403FBE2625D0000F8E405FBE2625D0000FBF2C4770000C5FE0F01FBE2625D0000FBF2C4770000C5FE1002FB12C47700003C11016701FB12C4770000B019611120116141213AFB12C47700003C11016701FBE2775E0000F8E402FB12C4770000B9916881FBE2625D0000C3E1FBE2625D0000FBF2C4770000C5FE0C01670167017100E8FB11
:FF1CB800E29C760000F9E42A01FBE2775E000058E1710202052EA4FF610120173E01003E03003D0800FBE260770000C5E033122E63FBE2785E000058EE610E212C3E0100FBE2765E0000C4E008FB12625D0000A089FBE2775E000058E19201FBE260770000C5E033122E2D3E0101FBE2765E0000C4E008FB12625D0000A089FBE2775E000058E192013C8308FBE260770000C5E03312710104050CAFFF61011D3C01000C3C0101C5000117B58967067100F0FB12B0770000056FFCFF3E01017101040568A4FFE301EC0161012127B20161112116FBE298760000F8E603FBE2795E0000F8E4016704FBE298760000F8E601670467046040E301A81961012102FBE2795EF2
:FF1DB7000000F8E40167017100BCA401A81961013B5602FBE2C477000058EE611E210EFB12C4770000999262129192AC01B41961113B3502AC01B2197551E0200D6011611125053823026711FBE2C477000058EE610EAC013BD600B4116141210FAC01A899581E611E1DF806010CF80600EC016101200FAC01A899B01961111DF806010CF80600EC016101200FAC01A899B09161111DF806010CF80600EC016101200FAC01A899B09961111DF806010CF80600EC0161013AB301FBE2785E0000F8E400FBE2765E0000F8E4E0FBE2775E0000F8E402FB12C47700003D1600FB12C47700003C1E00FB12C47700003C1F00FB12C47700003C9000FBE2C4770000F8E401FB88
:FF1EB60012C47700003C11013E0D02F904380171013405C3A4FFFBE29C76000058EE610E3B47016601054BAFFF6711A899FBE2C4770000C41E01FB12C4770000B01961613AFA00611120706121207761313A870061413A960061513AD70061013B0B01FBE2785E0000FBF260770000C1FE34FBE2765E0000F8E402FBE2775E0000F8E40BFB12C47700003D1600FBE2C4770000F8E4003E0A02F9042C017101280539A4FFFBE29C76000058EE610E3BBD00660105C1AEFF6711FBE2775E0000F8E4026711FBE2785E0000F8E401FB12C47700003C11016711FBE2785E0000F8E400FB12C47700003C11016711AC01FBE2775E0000C11E10FBE2625D0000F8E404F904273C
:FF1FB500012E1FAC01A899590227FEC12E621EFBF2625D0000FE0F2E5901276211C70127FBE2775E000059012744E129D82E3B3E0501710114052EABFF67113E0100FB12365E0000A081FB123E5E0000A089FB12465E0000A101710104050AABFFFBE298760000F8E605671167116040E301A8196101214FEC01EC1E611E201A610E2143FBE298760000F8E603FBE2795E0000F8E4012E2FFBE2C477000058EE611E2123FB12C47700003C1E01EC01FBE2C4770000C51E0C0FEC01FBE2C4770000C51E0D10FBE2795E0000F8E4016701FBE29C760000FBF2DC20F9FFE7EF2BFBE29C760000FBF2EF23F9FFE7EF2CFBE29C760000FBF2E4DEF8FFE7EF2DFBE29C760000EB
:FF20B400FBF230DFF8FFE7EF2EFBE29C760000FBF2732BF9FFE7EF2FFBE29C760000FBF26026F9FFE7EF300260403C03002E1CB089FBE2365E0000FECE1EFBF260770000FE0F1EB08962118089B089618129E23C02002E1DB081FB22607700004B12FBE23E5E0000FECE118221B08162118081B081618129E13C01002E1DB009FB22607700004B12FBE2465E0000FECE118421B00962118009B00961F12BE1FB12607700003D9000FB12607700003D9100FB12607700003D9200FB12607700003D9300FB12607700003D9400FB12607700003D9500FBE29C760000F8E400FB129C7600003C1102FBE29C76000058EE610E3B0101FBE260770000F9E43200FBE2607700E9
:FF21B30000F9E43300FBE260770000F9EA0B8813FBE260770000F9E43400FBE260770000F9E918E803FBE260770000F9E91BE803FBE260770000F9E91CD007FBE260770000F9E91D8813FBE260770000F9E91E7017FBE260770000F9E91FB80BFBE260770000F9E44020FBE260770000F9E921A00FFBE260770000F9E922E803FBE260770000F9E923DE03FBE260770000F9E44808FB129C760000B01961012119FBE260770000F9E91000FFFBE260770000F9E448016701FB129C760000B0196111210DFB12607700003D90FF6701FB129C760000B01961213B6501FBE260770000F9E91000FFFBE260770000F9E448006701FBE29C76000058EE611E3B4101FBE2607D
:FF22B200770000F9E43205FBE260770000F9E43300FBE260770000F9EA0B8813FBE260770000F9E43401FBE260770000F9E918E803FBE260770000F9E91BE803FBE260770000F9E91CD007FBE260770000F9E91D8813FBE260770000F9E91E7017FBE260770000F9E91FB80BFBE260770000F9E44020FBE260770000F9E921A00FFBE260770000F9E922E803FBE260770000F9E923E803FBE260770000F9E44808FB129C760000B0196101212EFBE260770000F9E91000FFFBE260770000F9EA0B401FFBE260770000F9E43400FBE260770000F9E448006701FB129C760000B0196111210DFB12607700003D90FF6701FB129C760000B01961212145FBE260770000F93B
:FF23B100E91000FFFBE260770000F9EA0B401FFBE260770000F9E9217017FBE260770000F9E9228813FBE260770000F9E923E803FBE260770000F9E44801670167017100D0FB12F4770000A89161012012FB12F4770000A8917501FF15F806010CF80600EC0161013A9D00FBE2F47700006080E5E00201FBE26820F8FFE30E7101240584AE006280B7097111D0B7027122D06C4257128202B7897111D0B7827122D06C425712820A5901217111D05902207122D06C4257128282FBE2365E0000F8E400FB12365E00003C1100FB12365E00003C1200FB12365E00003C1300FB12365E00003C1400FBE2365E0000C50E0805FBE2365E0000C50E0906FBE2365E0000C50E26
:FF24B0000A073C07002E1CB189FBE2365E0000FECE1EFBF260770000FE0F1EB18962118189B189618129E2FBE29C760000F9E4200F054FBAFF05FFB9FFFBE298760000F8E600670C7100C8FBE29C760000EDEE2B7F1EFBE29C760000EDEE2C7F1EFBE2D8770000FBF2A91DF9FFE3EFFB12D8770000FB22BE1DF9FFA01AFB12D8770000FB221F20F9FFA092FB22E4770000FB12D8770000053998FFFB22631DF9FFFB12B077000005F3F1FFFBE2E8770000F8E602FB12E87700003C1401FB12E8770000051C9EFFFBE2E8770000F8E607FB12E87700003C1401FB12E877000005009EFFFBE29C76000058EE610E3BA90066010588A8FFFBE26C20F8FFE5E0010DE4E00CCF
:FF25AF00AB0BAB0266310568A1FFFB127420F8FFE510010BE4100AAA8BAA8266410551A1FFFB127C20F8FFE5100109E41008AA0BAA026651053AA1FFFB128420F8FFE5100107E41006A98BA98266610523A1FFFB128C20F8FFE5100105E41004A90BA9026671050CA1FFFB129420F8FFE5100103E41002A88BA882668105F5A0FFFB129C20F8FFE5100101E010A80BEC02669105DFA0FFFBE2E8770000F8E600FB12E87700003E1102FB12E877000005319DFF670E72004CFFFB129C760000B11161113BF604FB129C7600003C1400FBE298760000F8E600FB1A1027059D1A0038D904FB129C740000A81961512114FB129C7400003E1100FBE298760000F8E600FBE2A7
:FF26AE0098760000ECEE615E3AA004611E3A9301613E3A6602614E3A6A04610E3B9104FBE29C760000EDEE2B7F1EFBE29C760000EDEE2C7F1EFBE2D8770000FBF2A91DF9FFE3EFFB12D8770000FB22BE1DF9FFA01AFB12D8770000FB221F20F9FFA092FB22E4770000FB12D8770000056396FFFB22631DF9FFFB12B0770000051DF0FFFBE2E8770000F8E602FB12E87700003C1401FB12E877000005469CFFFBE2E8770000F8E607FB12E87700003C1401FB12E8770000052A9CFFFBE29C76000058EE610E3BB700660105B2A6FFFBE2A420F8FFE5E0012CE4E02BED032CED022B663105909FFFFB12AC20F8FFE510012AE41029ED032AED0229664105779FFFFB12B451
:FF27AD0020F8FFE5100128E41027ED0328ED02276651055E9FFFFB12BC20F8FFE5100126E41025ED0326ED0225666105459FFFFB12C420F8FFE5100124E41023ED0324ED02236671052C9FFFFB12CC20F8FFE5100122E41021ED0322ED0221668105139FFFFB12D420F8FFE5100120E4101FED0320AF8A669105FB9EFFFBE2E8770000F8E600FB12E87700003E1102FB12E8770000054D9BFFFBE298760000F8E601381903FBE264900000ECEE610E2126FB12F4770000A891056E1B0005951A00FB22FFFFFF01660105971A00FBE264900000E3E1FBE2E8770000F8E603FB12E87700003E1100FB12E877000005F59AFFFBE2E8770000F8E604FBE2E8770000FBF2645A
:FF28AC00900000E4FE01FB12E877000005D39AFFFBE2E8770000F8E605FB12E8770000FB22565E0000A01AFB12E877000005B29AFFFBE2E8770000F8E606FB12E8770000FB22665E0000A01AFB12E877000005919AFFFBE2E8770000F8E601FB12E87700003C1401FB12E877000005759AFFFBE298760000F8E603384102FB129C760000B0916101211EFB129C7600003C1201FBE2AC770000F8EAF401FBE298760000F8E604FBE26077000059EE34610E3A2701FB129C760000B19961012113FBE240900000ECEE641E611E15F806010CF80600EC0161013AA900FB129C7600003E1200710244FB1254780000059E0B0061013A8901FBE2765E000058E13966F2FBE296
:FF29AB00795E000058EE611E3B7101FB32775E0000FB22625D0000710144057408006040FBE2DC20F8FFE30E05B3A8006240F90443002E28590143FBE2625D0000FECE116080A009FBE2E020F8FFE30E058FA80062805901436211C70143FBE2775E000059014344E129CF39A2F2FBE2795E0000C3E1FB129C7600003C170238FE00FB129C760000B1996121212AFB129C760000A8926212A09261A2280538DF00FB129C7600003E1200FB129C7600003C170038CA00FB129C760000B19961113BBD00FB129C7600003C1700FB125478000005EA0A0038A700FBE240900000ECEE641E611E3A9800710208FB1254780000059B0A0061013A8600FBE2765E000058E1390C
:FF2AAA0063F1FBE2795E000058EE611E216EFB32775E0000FB22625D0000710108057207006040FBE2DC20F8FFE30E05B1A70062403C07002E25B189FBE2625D0000FECE116080A009FBE2E020F8FFE30E058FA7006280B18962118189FBE2775E0000B18944E129D339A5F1FBE2795E0000C3E1FB125478000005430A00FBE298760000F8E6042E37FBE2AC770000ECE2FB12B0770000052EF0FFFB12B07700000521ECFFFBE298760000F8E6052E100567F0FF0AFBE298760000F8E600FBE298760000ECEE615E3B20FB672D7EA67100C4F9043B01381203FB129C760000B11161112114FB129C7600003C1400FBE298760000F8E600FB129C740000A819615121142A
:FF2BA900FB129C7400003E1100FBE298760000F8E600FBE298760000ECEE615E3ABB02611E3A8501613E3A5702614E3A8102610E3BAC02FBE29C760000EDEE2B7F1EFBE29C760000EDEE2C7F1EFBE2D8770000FBF2A91DF9FFE3EFFB12D8770000FB22BE1DF9FFA01AFB12D8770000FB221F20F9FFA092FB22E4770000FB12D8770000055491FFFB22631DF9FFFB12B0770000050EEBFFFBE2E8770000F8E602FB12E87700003C1401FB12E8770000053797FFFBE2E8770000F8E607FB12E87700003C1401FB12E8770000051B97FFFBE29C76000058EE610E3BA900660105A3A1FFFBE2E820F8FFE5E0010DE4E00CAB0BAB02663105839AFFFB12F020F8FFE510010B12
:FF2CA800E4100AAA8BAA826641056C9AFFFB12F820F8FFE5100109E41008AA0BAA02665105559AFFFB120021F8FFE5100107E41006A98BA9826661053E9AFFFB120821F8FFE5100105E41004A90BA902667105279AFFFB121021F8FFE5100103E41002A88BA882668105109AFFFB121821F8FFE5100101E010A80BEC02669105FA99FFFBE2E8770000F8E600FB12E87700003E1102FB12E8770000054C96FFFBE298760000F8E601384201FBE264900000ECEE610E2126FB12F4770000A891056D160005941500FB22FFFFFF01660105961500FBE264900000E3E1FBE2E8770000F8E603FB12E87700003E1100FB12E877000005F495FFFBE2E8770000F8E604FBE2E828
:FF2DA700770000FBF264900000E4FE01FB12E877000005D295FFFBE2E8770000F8E605FB12E8770000FB22565E0000A01AFB12E877000005B195FFFBE2E8770000F8E606FB12E8770000FB22665E0000A01AFB12E8770000059095FFFBE2E8770000F8E601FB12E87700003C1401FB12E8770000057495FFFBE298760000F8E6032E6AFB129C7600003C1201FB1260770000BE12AA9EFC072105CD14004B16FBE2AC770000E3E6FBE298760000F8E6042E3BF9043B00FBE298760000F8E605FBE2AC770000ECE2FB12B077000005FBECFFFB12B077000005EEE8FF2E10053DEDFF0AFBE298760000F8E60059013B61013BECFC3F6610FB12F4770000FB22182FF9FFA285
:FF2EA6001AFB12F4770000FB22262FF9FFA292FB12F4770000FB22342FF9FFA29AFB12F4770000FB22A42FF9FFA312FB12F4770000FB221330F9FFA31AFB12F4770000FB229730F9FFA392FB12F4770000FB22AC30F9FFA39AFB12F4770000FB223531F9FFA412FB12F4770000FB22BB31F9FFA41A02608005785B00E301EC01A0096702608005865B00E301EC01A00967027100ECA101918AF90905FFFF3D02003D01003D02002E4BB881A902FEC2119101B2019101990906610D010491093D01002E24B90964119089B90968119109B8896101200C9909FD7CD101A0009109980962119009B809618129DA988162119081B88106C5010729B1D5000506B98167057EC0
:FF2FA500A67100F0FB12F4770000AA197F11A081A881610116A88161F11DF806010CF80600EC0161012042FB62F4770000AAEB754210EF617F1392616612FB1E00001005D45A00A081FB12F4770000A009A809754314FB2E00001005E15A00A081FB12F4770000AA917F11A881A0893F66056E677100E8FB12F4770000AA197F11A101A901610116A90161F11DF806010CF80600EC0161012052F90E03000010FB12F4770000A0813C07002E1AA889A882C012A8816211A081A8896211A089B18962118189B18975511423E3FB62F4770000AAEBBA67754210EF617F134717AAE1177F113C06FF0E7F113C0600C50006178D893F6708754314FB22140CF8FFFB12F47786
:FF30A40000007F8F39FCFE027EA67100E8A109A102FBE2F4770000E50E0505FBE2F4770000E50E0406FB12F4770000AA197F11A081A881610116A88161F11DF806010CF80600EC0161012044FB62F4770000AAEB71611466827F1393E16612FB1E00041005B45900A081FB12F4770000711114A009A80966C3FB2E00041005BF5900A081FB12F4770000AA917F11A881A0893F66076E677100E8FB12F4770000AA197F11A101A901610116A90161F11DF806010CF80600EC0161012054F90E03000410FB12F4770000711114A0813C07002E1AA889A882C012A8816211A081A8896211A089B18962118189B18961C123E4FB62F4770000AAEBBBE771611466827F13476E
:FF31A30017AAE1177F113C06FF0E7F113C0600C50006178D893F67086040E3016040FBE22021F8FFE30E05BDA0006240EC016080E5100201FBE23C21F8FFE30E05A7A0006280EC01B9916080A009FBE24821F8FFE30E0591A0006280EC01B9996080A009FBE25421F8FFE30E057BA0006280EC01BA116080A009FBE26421F8FFE30E0565A00062806040FBE26D21F8FFE30E0555A000624067017100ECA101A08AA083A901610116A88961011DF806010CF80600EC0161011EA88161011DF806010CF80600EC0161013BDE003D0300A901EC1E698EB889A88AFE021E988962119089A901EC1E690EB889A88AFE021E988962119089A901EC1E688EB889A88AFE021E9850
:FF32A2008962119089A901581EB889A88AFE021E988962119089A901591E34B889A88AFE021E9889621190893C05002E68B1096C3106890104B891B88AA88BFE0321988962119089B1096C3106890104A8916901B88AA88BFE0321988962119089B1096C3106890104A8916881B88AA88BFE0321988962119089B1096C3106890104B211B88AA88BFE0321988962119089B10962118109A901B10A4512342993B181A882C321670567057100E4A181858AA103A981610116A90161011DF806010CF80600EC01610110F90601FF382001B58961412A09F90601FE3813013D0500B909A982FEC21E6D8EA901E31E990962119109B909A982FEC21E6D0EA90106941EE31E2B
:FF33A100990962119109B909A982FEC21E6C8EA90106941EE31E990962119109B909A982FEC21EA90106941EE31E990962119109B909A982FEC21EA901C71E34990962119109A901591E34617E2909F90601FD389B00A9015911346C2162518209B5894501092809F90601FC3882003C08002E70B909A982FEC211B2026C320689020490A1990962119109B909A982FEC2116D01B2026C3206890204A0A1990962119109B909A982FEC2116C81B2026C320689020406952102A0A1990962119109B909A982FEC211B2026C320689020406952102A0A1990962119109B20162118201A901B202451234298B3E0100A809A08967076040E301FA161A0400EC01FA161B0438
:FF34A000FFEC01FA161C040067016080A009EE1E1C04610EFCD10003B08967026080A009EE1E1C04755E4BFCD10003B089670260C0A081A00AA88139E5FF610120176040FBE28C21F8FFE30E059E9D0062403C02002E3AA881EE1E1B04751E384BE1754338A80A7F8FA881EE1E1B04621EEFEFFD748F4B751F4B43FEEB1E1B04A881EE1E1C04621EEB1E1C043C0201C5000203B089670360C0A081A00AA881396FFF6101163C02002E17A882EE2E1A04751E384BE2754338A8097F8F3C0201C5000203B08967036080A0093943FF6101163C02002E28A809EE1E1A04621EEFEFFD748F4B751F4B43FEEB1E1A04A809EE1E1C04601EEB1E1C043C0201C5000203B089670B
:FF359F000205A82900FB12F85E000062216612052A2A000260C03E0100FB12F85E00005E12050472110A0405562A002E24FB2AE8036611051E3300A8096211A009FBE2F85E000006C6E1050423073C03FF2E1EFBE2F85E00005AEE0C08610E20D2FBE2F85E0000FAE40C08003C0300C500030B8A89670360408089FBE2F85E00005AEE0404612E2013611E2416B08961012010B089390E006701B0893907006701670160808189FBE2F85E00005AEE0404612E202B611E2440B18961A117B1897551201DF806010CF80600EC0161012028FBE2F85E0000FAE40304012E1BFBE2F85E00005AEE0804610E210DFBE2F85E0000FAE4080401FB12F85E000006C811C501075E
:FF369E0003FBE2F85E0000FAE4050400FBE2F85E0000DCEF621FD3EF5CEE760E00042918FBE2F85E0000FAE40E0801FBE2F85E0000F8E5006702670260403D01002E24FB12F85E000006C901013C1300FBE2F85E000006C90E01FAE40A0400980962119009B8097601000429D8FB12F85E00003C1200FBE2F85E0000F8E500FBE2F85E0000FAE4030400FBE2F85E0000FAE40C0800FBE2F85E0000FAE40E0800FBE2F85E0000FAE4050400FBE2F85E0000FAE40804006701FBE2F85E00005AEE0D08611E2114FBE2F85E0000FAE40D08003948FE3968FF020205EB2A00FB120867000062216612056D2B00FBE208670000FAE40404000260C03E0100FB12086700005E2C
:FF379D0012050472110A04058E2B002E24FB2AE803661105403100A8096211A009FBE20867000006C6E1050423073C03FF2E1EFBE2086700005AEE0C08610E20D2FBE208670000FAE40C08003C0300C500030B8A89670360408089FBE2086700005AEE0404612E2021611E2424B08961A12112391E00FBE208670000FAE40304016701390E006701B0893907006701670160408089FB220867000006C82280A9FBE208670000FAE4050400FBE208670000DCEF621FD3EF5CEE760E00042918FBE208670000FAE40E0801FBE208670000F8E5006701670160403D01002E24FB120867000006C901013C1300FBE20867000006C90E01FAE40A0400980962119009B80976FA
:FF389C0001000429D8FB12086700003C1200FBE208670000F8E500FBE208670000FAE4030400FBE208670000FAE40C0800FBE208670000FAE40E0800FBE208670000FAE405040067016040FBE208670000FAE40504012E2AFBE2086700005AEF0504621FCBEF05045AEE0504615E2912FBE208670000FAE40504013C02012E11FBE2086700005CEE610E21CE3C02FFC500020388896701FB12C8880000FB22AE39F9FFA592FB12C8880000FB22B339F9FFA59AFB12C8880000FB227A3AF9FFA612FB12C8880000FB22293AF9FFA61AFB12C8880000FB22963BF9FFA69AFB12C8880000FB22953BF9FFA692FB12C8880000FB22393DF9FFA712FB12C8880000FB22093E6C
:FF399B00F9FFA71AFB12C8880000FB22193EF9FFA79202054421000260C09109820A8203818CC5001006C5001105C5001204FBEE02C408F1E122FBEE02C408D50E0506FBEE02C408C50E090AFBEE02C408C50E0808FBEE02C408C50E0706B18175213FFB2E02C4088121FBEE02C408C50E0502FBEE02C408C10E04F806000803EC016211E301EC017701A2860123F20367037100C8FB1E02C408B991E301EFF1FBEE02C408C5E00A04FBEE02C408C5E00805FB2E02C408B1A264728182FB2E02C408B12275223F818AFBEE02C408C5E00208FBEE02C408C4E009754338EF027F8F670E7EA67100C0FB1E02C408B99268C27612E8039993688364F37513644B3299935BE6
:FF3A9A003E684E63AE4BE2B99164F14B12908AEFF6FB1E02C408B292684263A2B29164F14B12810AFB1E02C408B212684263A2B21164F14B128102FB1E02C408B1916471C301FB1E02C408B112B11164F16842643263A24B12808AFB1E02C408B092684263A2B09164F14B128082FBEE02C40858E1684163A158EE64FE4BE18009B889A081C500050CC500040DC4000EB08975213F8389C5000210C5000111B903B30AB30139D700A109B40BB402B389397700A181B903B30AB301399100A189B409B402B38BB30CB305ED0F027100E0A181A10AA103A08CA085E70F01FBE2B021F8FFE30E3E070071014005329700710020754338710208EF617F8F3F6611027EA671F9
:FF3B990000C0EF06EF6F39DBFE7100C8754338EF01EF627F8F393601710038A381AB81A3893F66117100F091899182910BF80600B9897611100EB98275123C4B2106C90105E301EC01A00967047100EC92099202918BB9897111EBFC4711FD7231B89EB643A009B98BBA02BA09391000E301FCA50101068801A081670560C091099102908BB8893921009009B80975111AFBE29606F8FF4B1EB909FED1E106C901049081B881670360809089663E06E10C0E032116B889EF1EFD749E64751E6443E1610115F806010CF80600EC0161012114B889EF1EFD789E9001761E900143E161011DF806010CF80600EC019081B881670260C082898282820BB289711118B282610F
:FF3C980032FCDBE943E18189B189FD821E4BE149010941010A8189F5000A2014F5030A15F806040CF80603B1890688018189B28161212A08B18962318189B189EF1EFD749E07637E43E18201B20167037EA67100E4AA098589710624C5600416C5600515F902038099CF61B58BB50AB581390DFF6011A081A8817711805101A009B1E97611100EB26275123C4B21496109E301A88906890101068801A101A901A1813F66087EA6720054FF754330FB22C821F8FF7101787F8F710604EF6F3928FD75433871013CEF627F8FAB89EF1EFD748E046C2E43E161012135AB89EF1EFD748E64751E6443E161012114AB89EF1EFD788E9001761E900143E161011DF806010CF874
:FF3D97000600EC01610115F806010CF80600EC016101143E8F1D5901416211C70141710E78590140FE61EE59014147E12B0E710E78590140FE61E1C7014159034159024059013C39AEFEC70142F9044300F9044400F90445007100C8754338710274EF017F8F39EBFE710038A709AF09E7012A3F662C6040FB12C8880000AE997F11E30167017EA6720088FDFA04770200FBE27C6F0000ECEEFB4AE803FB320422F8FFFB220122F8FFFB12F821F8FF7F1ECB017702CE01770261013BB301FB22F85E00005C2E6232710F04EFF1EFE37F874BEFEFF1433166027F8875423A710104056C0300E70181754222660105600300E70181754222660105540300E70181ED0181CE
:FF3E96006080A009FBE20A22F8FFE30E72011B02050D940062805A011302755138200E5A01130275513015F806010CF80600EC0161013A39015A0113027111D0CB0111025A0114027111D0CB0112025A0111026C4156011202DB0107015A0116027111D0CB0111025A0117027111D0CB0112025A0111026C4156011202CB010D025A0119027111D0CB0111025A011A027111D0CB0112025A0111026C4156011202CB010C025A030C025A020D025A010E023945FDCB010B025A011C027111D0CB0111025A011D027111D0CB0112025A0111026C4156011202CB010A025A011F027111D0CB0111025A0120027111D0CB0112025A0111026C4156011202CB0109025A012230
:FF3F9500027111D0CB0111025A0123027111D0CB0112025A0111026C4156011202CB010802FB12C8880000AD9D5A0F08025A0E09025A060A025A040B025A030C025A020D025E0107016040C70F02C70E01C3067F156240FB12C8880000AE917F11FB62C8880000AF617F11A4613F669F3F669F60C0A081A00A808BA88161213A8C006111204761013BC300FBEE21C008F0E42E24FBEE21C00858EFEFF57A45684F641FFDE0FF6C4F57F5C3E5A809FB2AE80305AD2800B089601180895B1E610E21D4FBEE21C008F0E46703FBEE22C008F0EF2E24FBEE22C00858EFEFF575257F687F6C7FFD74DF8057F5C3E5A809FB2AE803056D2800B089601180895B1E610E21D4FB0D
:FF409400EE22C008F0EF6703FBEE2EC008F0EC2E24FBEE2EC00858EFEFF57A45684F641FFDE0FF6C4F57F5C3E5A809FB2AE803052D2800B089601180895B1E610E21D4FBEE2EC008F0EC670367036080A009808AFBEE21C008F0E42E24FBEE21C00858EFEFF57A45684F641FFDE0FF6C4F57F5C3E5A809FB2AE80305E52700B089601180895B1E610E21D4FBEE21C008F0E467026040E301FB2AE80305C4270067016040E301FB2E40420F05B5270067017100E8A109A102A90905D19300A081FB36FF6602A9017F80FB16FE4331A009A80961011E3C03FF2E1EA80B6103A902A8817F83FCDBE2FCDBF543FE610E1D3C03000C3C03FFC500030F8B8967067100E8A1091A
:FF419300848AA08BA90961011EA889E41005E5000501A8095811808961011E3E05002E23B089450113A809210DF81400A8096211A0092E0F711201A00AB0198089610121E1A809A88AE321A909A081670660C0A081818AB18AA881FB3244890000399EFFE30167037100F0A089910A3C0800FBE21022F8FF06850E0310990969F1610115F806010CF80600EC01610120133C07FF2E219909A88AFEC211490108820199097112FF910A61012AEBB2017E0162118189C50007098A0967047100D4A2816080FBE21122F8FFE30EA00971011C055390006280B5097111D0B5027122D06C425712C302B5897111D0B5827122D06C425712800AB6097111D0B6027122D06C42CE
:FF42920057128082FBE27B5E0000F8E400FB127B5E00003C1100FB127B5E00003C1200FBE27B5E0000C40E03FBE27B5E0000C50E0104FBE27B5E0000C50E0205670B6040FBE268900000ECE174116D4EC64172113930E3E1EF1EFD709EFFFFFF7F741EFFFFFF7F43E1E30167016040E301FBE268900000E3E1670160C0A081A00A39C1FFA882A80B43236213EF1EFC233E4F3E43E14B21E301670360C0A081A00A900B2E14A809A882C012A8816211A081A8096211A009B8097112FF900A610121E5670360C0A081A00A900BB809068901026011A0812E14A809A882C012A8816011A081A8096211A009B8097112FF900A610121E567036080A009808AD3032E0EB08950
:FF439100A80AC321A8096211A0095C017112FFD302610121EB670260408089B08961912A0971113080092E1161F12A0AB08971113780090C3C013FC5000102888167016080A009EC11E30167026040E3016701027100E8A109A102A08BA084068504042307F806FF2E16A883A88AA9097F8F660EA881A90AFE021EF80600EC01A00967066080A009FBEE21C008F0EDFB1AF40105A412FF05AA34FF610115F806000CF80601EC01610120186040FBE21422F8FFE30E05448E0062406601050111FF6040FBE22822F8FFE30E052E8E006240FBE2855E0000F8E401391400FBE2855E0000F8E40066A1054F12FF2EE57100E8FBE2815E000058EE610E15F806000CF8060147
:FF449000EC0161012011FBE26C900000ECEE610E1DF806010CF80600EC0161013BE20171031271021471011605DD36FF9A894F119A824F224B219A0A4F224B21FC471EFCA3EEFBF24C890000E3FE9A89FBE2186F00000640E1FC4711A0899A81FBE21A6F00000640E1FC4711A0819A09FBE21C6F00000640E1FC4711A009A889FC8F11A882FC8F22FC8B21A80AFC8F22FC8B21FCA31EFBF248890000E3FEFBE2186F0000D10E0BFBE21A6F0000D10E0AFBE21C6F0000D10E09FBE24C890000ECEEFD721E00803B452634FBE2825E000058EF621FC3EFFBE2825E000058EE613E29256040FBE23A22F8FFE30E050E8D006240FBE2825E0000F8E4000AFBE2825E0000F8B6
:FF458F00E400FBE248890000FBF20080BB44FC84EF260EFBE2386F0000DCEF621FD3EFFBE26C900000ECEE613E3AA200611E2035612E2059610E3BC900FBE2815E000058EE610E3ABC00FBE2815E0000F8E400FBE2386F0000F8E500FBE26C900000F8E6016706FBE248890000FBF200009643FC84EF2705388B00FBE26C900000F8E602FBE2835E0000F8E4006706FBE248890000FBF200001643FC84EF260DFBE2835E0000F8E4002E0EFBE2835E000058EF621FC3EFFBE2835E000058EE755E152941FBE26C900000F8E6036706FBE26C900000F8E600FBE2386F00005CEE63AE760EE90329126040FBE25422F8FFE30E05098C006240FBE2386F0000F8E50067061F
:FF468E0067066040754131053633FF8089F5050320126040FBE26B22F8FFE30E05DC8B006240F5040320126040FBE27F22F8FFE30E05C78B006240F5030320126040FBE29522F8FFE30E05B28B006240F5020320126040FBE2A622F8FFE30E059D8B006240F5010320126040FBE2B722F8FFE30E05888B006240F5000320146040FBE2C822F8FFE30E05738B00624067016701720054FFE7012A3E8B003E8A00F9046700F9046600F9046501FB123C6F0000A9117F1138D502FBE200008040FC850E1BFCD1076459016561011859016445016715F806010CF80600EC0161013A8D01C5006467F904650059016761013AC2006040FBE2DC22F8FFE30E05008B006240FB63
:FF478D00E2F4770000E5E0021CF904A404FBE2EC22F8FFD4E02EE5E00118D5002E3AE500181EFBE2F422F8FFD4E02AE5E00116D5002A3EE5001620FBE2FC22F8FFD4E026E5E00114FB12F4770000A919FD723100401C46FCA711A501D5002642E5001422FBE20423F8FFD4E022E5E00112FB12F4770000A991FD723100401C46FCA711A481D5002246E5001224710270FB125478000005B0ECFF61013AD1006040FBE20C23F8FFE30E05548A00624038BE006040FBE22723F8FFE30E05418A006240FBE2F4770000E5E0021CF904A404FBE23823F8FFD4E01EE5E00110D5001E3AE500101EFBE24023F8FFD4E01AE5E0010ED5001A3EE5000E20FBE24823F8FFD4E016BE
:FF488C00E5E0010CFB12F4770000A919FD723100401C46FCA711A301D5001642E5000C22FBE25023F8FFD4E012E5E0010AFB12F4770000A991FD723100401C46FCA711A281D5001246E5000A24710270FB125478000005F1EBFF610120126040FBE20C23F8FFE30E059689006240AE81FD721100000000260C75416405C00DFF380D01AE81FD7211333333402618590166610115F806000CF80601EC01610115F806010CF80600EC0161013AC2006040FBE25823F8FFE30E054689006240FBE2F4770000E5E0021CF904A404FBE27023F8FFD4E00EE5E00108D5000E3AE500081EFBE27823F8FFD4E00AE5E00106D5000A3EE5000620FBE28023F8FFD4E006E5E00104A4
:FF498B00FB12F4770000A919FD723100401C46FCA711A101D5000642E5000422FBE28823F8FFD4E002E5E00102FB12F4770000A991FD723100401C46FCA711A081D5000246E5000224710270FB125478000005F6EAFF610120126040FBE20C23F8FFE30E059B88006240F9046601FBE200004040FC850E1A2606F9046600FBE2845E0000F8E40075416405B30CFFFBE2845E0000F8E40105B5DFFEA689050AE0FEA681FB12546F0000B41161113A0FFD38BFFE7EA67200BCFEE70150F90E4F60EA000557EBFF75416405740CFFFBE27C6F0000ECEEFB4AE803FB329C23F8FFFB229923F8FFFB129023F8FF7F1E381B04FBE2895E0000F8E401053F13FFFBE250890000A1
:FF4A8A00E3E16040FBE2A223F8FFE30E7201DC00051988006240FB127C6F0000A8927201D8007F1266A37542326621054FF5FFFBE2F85E00005AEE0304611E3BB903FBE2895E0000F8E401FBE2F85E0000FAE4030400FB12F85E000062316633FB22AC23F8FF7F83FCDBE2FCDBF543FE610E3B54026080FB12F85E00006231A009FBE2B023F8FFE30E057787006280FB12F85E00006231FB22BA23F8FF05F8890061011005972000382F03FB12F85E00006231FB22C123F8FF05DC89006101201BFB12F4770000AB917F11FB1AF401056F0BFF05682000380003FB12F85E00006231FB22CA23F8FF05AD890061012054FBE2F47700006080E5E00201FBE2D523F8FFE3BD
:FF4B89000EFB62F85E000072610A04051F87006280DB610504FBE2F85E0000FAE40D08016080FB12F85E000072110A04A009FBE2E023F8FFE30E05C786006280389802FB12F85E00006231FB22EA23F8FF0545890061012050FB12F85E0000623166D3FB22F523F8FF7F83FCDBE2FCDBF543FE610E212BFB12F85E0000711110E70135ED013505088900FB22F4770000A0A1FB12F4770000AB117F1105A01F0005B1EAFF383402FB12F85E00006231FB220324F8FF05E188006101204DFB12F85E00006231754312FB221324F8FF7F83FCDBE2FCDBF543FE610E2127FB12F85E0000711115E70134ED013405A38800FB22F477000091A9FB12F4770000AB117F11055049
:FF4C8800EAFF38D301FB12F85E00006231FB222624F8FF05808800610120526080FB124424F8FFA009FBE23524F8FFE30EFB62F85E000072610A0405F485006280DB610504FBE2F85E0000FAE40D08016080FB12F85E000072110A04A009FBE24D24F8FFE30E059C85006280386D01FB12F85E00006231FB225424F8FF051A880061013A5601FBE23C6F00006080E5E00301FBE25A24F8FFE30E7101740592850062806080710174A009FBE26824F8FFE30E055085006280FB127C6F0000A89271016C7F123814017100EC710170A101710174A089710178A08171017CA009FBE27224F8FFE30EFB12F85E0000623105898500710014A581055AE9FFAD8161413BD90085
:FF4D8700AD89AE02AE0BAE847100ECA101A08AA083A00CFBE27E24F8FFE30E05E484007100147543386602EF017F88F806003D0200F9043404FBE2F4770000E1E002FBE2B024F8FFD4E028E5E00115E5001A15D5002802E5001502FBE2B824F8FFD4E024E5E00113E5001913D5002406E5001304FBE2C024F8FFD4E020E5E00111AE01FD723100401C46FCA711A409D500200AE5001106FBE2C824F8FFD4E01CE5E0010FAD89FD723100401C46FCA711A389D5001C0EE5000F08EF02FB1254780000058AE6FF610120126040FBE2D024F8FFE30E052F84006240FBE2F85E00005AEE0D08611E2115FBE2F85E0000FAE40D0800053DE7FF055CE8FFFBE2895E0000F8E4FC
:FF4E860000FB1AE803053908FF05300FFFFBE2508900000680E1ED024F7612E803FD7892E8034721230538CBFB380AFC6040E3012E21FBE29C760000F9E42E00396F00393500FBE2885E0000F8E400661105F107FFFBE2885E0000F8E401FBE29C760000EDEE307F1EFBE29C76000059EE2E611E20C22ECDFBE23A6F0000DCEF621FD3EF5CEE760EF4012924FBE23A6F0000F8E500FBEE21C00858EFEFF57A45684F641FFDE0FF6C4F57F5C3E502027100D4FB129C76000071112F6633FB22EC24F8FF7F83FCDBE2FCDBF543FE610E3BD1026080FB129C76000071112FA009FBE2F024F8FFE30E051D83006280FB129C760000711132A281AA8175423A059E8300A209EE
:FF4F8500AA0961013A8702AA09F81400E5000A08AA096211A189A98975423D057D8300A1813E0500A9816101200DA981F81400A9816211A109AA0166A3660205708300A101FBE2F4770000A9010685E1023B20026080FBE20825F8FFE30EA00905A582006280A9896080A009FBE21F25F8FFE30E059182006280A90961012016A9096080A009FBE22A25F8FFE30E0577820062806653FB223625F8FFA9897F83FCDBE2FCDBF543FE610E21186040FBE23C25F8FFE30E054F8200624005841B00670B6643FB226F25F8FFA9897F83FCDBE2FCDBF543FE610E2127A9096101201CA90905B08400FB22F477000091A9FB12F4770000AB117F11670B39A901670B6643FB22E8
:FF5084007425F8FFA9897F83FCDBE2FCDBF543FE610E2127A9096101201CA90905738400FB22F477000091A1FB12F4770000AB117F11670B396C01670B6663FB227825F8FFA9897F83FCDBE2FCDBF543FE610E3B0901A90961013AF000A9096080A009FBE27F25F8FFE30E059B810062803E0200E5000501F8060038A6003E0100A889EC0260C0A081A00AFBE29225F8FFE30E0573810062C0EC016111203A6101216AA88905EE8300FB22F477000091A1FB12F4770000B9916080A009FBE2A525F8FFE30E054181006280FB12F4770000AB117F112E46A88905BA8300FB22F477000091A9FB12F4770000B9996080A009FBE2BE25F8FFE30E050D81006280FB12F47713
:FF5183000000AB117F112E126040FBE2D625F8FFE30E05F180006240EC016211E301A80971030875422C05E5EFFFA08961013B4DFFEC016080A009FBE2F425F8FFE30E05C480006280670B6040FBE22326F8FFE30E05B280006240670BA9896080A009FBE24526F8FFE30E059C80006280670BFBE2F477000060C0E5E00202FBE25C26F8FFE30EA009057E800062C0670B6040FBE28926F8FFE30E056C80006240670B670B7100A86040FBE2D126F8FFE30E055580006240FBE2F4770000E1E002F9043404FBE2F826F8FFD4E028E5E00115D5002802E5001502FBE20027F8FFD4E024E5E00113D5002406E5001304FBE20827F8FFD4E020E5E00111FB123C780000A8CB
:FF52820019FD723100401C46FCA711A409D500200AE5001106FBE21027F8FFD4E01CE5E0010FFB123C780000A891FD723100401C46FCA711A389D5001C0EE5000F08EF02FB12547800000507E2FF610120146040FBE21827F8FFE30E05AC7F006240671667166040E3012E0D39E800FB1A881305D303FF390900610121F32EEE6080FBE2845E000058EE610E15F806000CF80601EC016101201DFBE2855E000058EE610E15F806000CF80601EC01610115F806010CF80600EC016101201DFBE2865E000058EE610E15F806000CF80601EC01610115F806010CF80600EC016101201DFBE2875E000058EE610E15F806000CF80601EC01610115F806010CF80600EC01614D
:FF53810001201DFBE2885E000058EE610E15F806000CF80601EC01610115F806010CF80600EC016101201DFBE2895E000058EE610E15F806000CF80601EC01610115F806010CF80600EC016101FCD10107B18967026040FBE23427F8FFE30E05AA7E006240FBE2845E000058E1FBE2855E000058E2FBE2865E000058E3FBE2875E000058E4FBE2885E000058E5FBE2895E000058EF7100E4E70F06A10DA104A08BA082A009FBE25427F8FFE30E055C7E0071001C020260803E0100F806046604FB3A0001FB227C27F8FFFB121D47F9FF05B4FEFE6280FBE254890000E3E1FBE254890000ECEE611E132E0060803E0100F806046604FB3A0001FB228527F8FFFB12114498
:FF548000F9FF057FFEFE6280FBE254890000E3E1FBE254890000ECEE611E132E0060803E0100F806046604FB3A0002FB228E27F8FFFB12B24EF9FF054AFEFE6280FBE254890000E3E1FBE254890000ECEE611E132E0060803E0100F806046604FB3A0002FB229727F8FFFB123A4AF9FF0515FEFE6280FBE254890000E3E1FBE254890000ECEE611E132E0060803E0100F806026604FB3A0001FB22A027F8FFFB12E452F9FF05E0FDFE6280FBE254890000E3E1FBE254890000ECEE611E132E0002FBEE100008FAE9F70102A5FBEE100008ECEF7AFFE3EFFBEE0080085CEF772FFEFF00D3EFFBEE100008FAE9F70100A5FB1E0280083D10C0FBEE028008F9E9022E0DFB97
:FF557F001E0280083D1100FBEE1C7008F0E8FBEE1C7008F2E4E701FBEE1C70085AEFE802780F762FF100CBEFE802FBEE008008DCEF780FD3EF026040F8060005FD13FF2E0303EC01610120FB052314FF67010202FD6A0EFD67EE64FE618E2A0575700905E315002EFC6080A009E302FD6A0EFD67EE64FE618E2A05757009EC016080A009FBE2AC27F8FFE30E057F7C00628005B415002EFC6040051DFEFF60803E0100F806036604FB3A0002FB22C927F8FFFB124456F9FF05CEFCFE6280E301EC016111132E0067016040E3010569D2FE054DD8FF0543D4FE05DBE2FF0529CAFFFB12F4770000AB197F11610121146040FBE2D427F8FFE30E05127C0062402E0CFB1217
:FF567E00F4770000AB917F11FB12F4770000AC117F1161012140FBE23C780000FBF2F4770000E5FE0501FBE23C780000FBF2F4770000E5FE0602FB123C780000A81A60C0E5100202A00AFBE2EB27F8FFE30E05BA7B0062C0FB12F4770000AC1A7F12FBEE2DC008F0EB0550FDFFFB1A102705D9FFFE2EF8FBEE417008FAE4C70100FBEE417008F2EBC201FBEE4170085AEFCF04752F7DCBEFCF04FBEE59C108F8E440FBEE03C008754FFD50EFC3EFFBEE03C008754FFD51EF60C7EF60FBEE59C108F9E45940FBEE0EC008754FFB50EFC3EFFBEE0EC008754FFB51EF60C7EF60FBEE417008FAE4C00408FBEE417008F0E8FBEE417008FAE4C60408FBEE417008F1E806FBC3
:FF577D00EE4170085AEF0003781F762FF200CBEF0003FBEE4170085AEF0603655F762FF500CBEF06030525000002FBEE087208F0E102FBEE087208F0E902FBEE087208F0E702FBEE087208F0EF02026EEF6E15053128FF6F156FEF7F956EEF6E1505431200FB122E5E0000F8140105C8B6FF6F156FEF7F95FBEE01C00859EF20753F30752F3CC7EF20FBEE01C008F9E48200FBEE01C008F9E4E000FBEE01C00859EF6064CFC7EF60FBEE01C00858EF753F33752F3FC3EFFBEE02C00859EF20641FC7EF20FBEE02C008F9E48300FBEE02C008F9E4E000FBEE02C00859EF60641FC7EF60FBEE02C008754FBE54EF762FBF00C3EFFBEE04C008F9E42000FBEE04C008F9E464
:FF587C00C040FBEE04C008F9E46000FBEE04C008F8E43DFBEE0BC008F9E42000FBEE0BC008F9E48B00FBEE0BC008F9E48C00FBEE0BC008F9E4E000FBEE0BC008F9E46000FBEE0BC008F8E4FFFBEE0CC008F9E42000FBEE0CC008F9E48C00FBEE0CC008F9E48D00FBEE0CC008F9E4C000FBEE0CC008F9E4E000FBEE0CC008F9E46000FBEE0CC008F8E403FBEE0DC008F9E42000FBEE0DC008F9E4E000FBEE0DC008F9E46000FBEE0DC008F8E4FFFBEE0EC008F9E42000FBEE0EC008F9E48E00FBEE0EC008F9E48F00FBEE0EC008F9E4E000FBEE0EC008F9E46000FBEE0EC008F8E4F305050000020260C0FBEE3F7008F2ECCC01FBEE3F7008F2EDCC01FBEE3F7008F2EFCA
:FF597B00C801FBEE02C40859EE20641E611E211CFBEE02C408F1E820FBEE02C408F5E02021F8FBEE3F7008F1E81DFBEE91C208F4E0200D380A01FBEE02C408F1E024FBEE02C40859EE24641E611E21EC3D05000803990962119109B9097601BA0723F3FBEE02C408F9E42200FBEE02C408F5E02221F8FBEE02C408F1EF22754EFFFBFE02C40851FE22687E610E21F1FBEE02C408F1E122FBEE02C408F5E12221F8FBEE02C408F1E822FBEE02C408F5E02221F8FBEE3F7008F1E81DFBEE3F7008F1E81EFBEE3F7008F0E8FBEE02C408F8E400FB1E02C4083C1200FB1E02C4083C1400FB1E02C4083C1606FB1E02C4083C1801FB1E02C4083C1A01FB1E02C4083D1600FB78
:FF5A7A00EE02C408C5EE22223E01002E12FBEE02C40859E122E301A8096211A009A809614123ECF80600EC01FBEE02C408C7E120EC01FBEE02C40859EE20471E21F4FBEE02C40859E120E301EC01FBEE02C408C7E120EC01FBEE02C40859EE20471E21F4FBEE02C408F9E43E00FBEE02C408F9E44000051902006703FBEE24C408F0E0FBEE24C40858EE641E611E21F502FBEE24C408F0E8FBEE24C408F4E021F9027100F0A081A08AFBEE5C7008F2ECAF01FBEE5C7008F2EDAF01FBEE02C40859EE20641E611E211BFBEE02C408F1E820FBEE02C408F5E02021F8FBEE5C7008F0E8FBEE02C408F1E822FBEE02C408F5E02221F8FBEE02C408F1E122FBEE02C408F5E11C
:FF5B79002221F8FBEE02C408C5EE22223E01002E12FBEE02C40859E122E301A8096211A009A809614123ECFBEE02C408C10E08FBEE02C408C50E0902FBEE02C408C50E0A04FBEE02C408C50E0C06FBEE02C408C50E0B08FBEE02C408C50E0D0AFBEE02C408D50E0706FBEE02C408F1E022FBEE02C40859EE22641E611E21F467046040E301FBEE02C40859EF20781FC7EF20FBEE3F7008F0E8EC01FBEE02C408C0E1EC01FBEE02C408C5E10201EC01FBEE02C408C5E10402EC01FBEE02C408C5E10604EC01FBEE02C408C5E10803EC01FBEE02C408C5E10A05EC01FBEE02C408D5E10603FBEE3F700858EE641E611E20A3FBEE02C408754FFD51EF20C7EF206701710018
:FF5C7800F0A081A08AFBEE02C408F1E822FBEE02C408F5E02221F8FBEE02C408F1E122FBEE02C408F5E12221F8FBEE02C408C10E08FBEE02C408C50E0902FBEE02C408C50E0A04FBEE02C408C50E0C06FBEE02C408C50E0B08FBEE02C408C50E0D0AFBEE02C408D50E0706FBEE02C408C5EE22223E01002E12FBEE02C40859E122E301A8096211A009A809614123EC670402FBEE100008ECEF7B1FE3EFFBEE0090085CEF772FFFEF00D3EFFBEE009008F9E47A00FBEE009008F8E90040FBEE009008C5EE8A8AFB1E0090083D1700FB1E0090083C1C00FB1E0090083D1282FBEE009008F9E4E10AFBEE009008F9E4E70AFBEE009008F9E54800FBEE009008F9E47D02FB37
:FF5D7700EE04C008754FFD51EF60C7EF60FBEE04C008754FFD50EFC3EFFBEE61C108F8E480FBEE04C00859EF60752F7FC7EF60FBEE04C00858EF752F7FC3EFFB1E61C1083C168005FB000002FBEE009008DCEF78FFD3EF02FBEE0090085CEF762FFF7FD3EF026080A009E302A809755111250538CD00FBE2661AF8FFFE51EE7F4EEC01FBEE189008D1E1036702EC01FBEE189008D1E1046702EC01FBEE189008D1E1056702EC01FBEE189008D1E1066702EC01FBEE189008D1E1076702EC01FBEE189008D1E1086702EC01FBEE189008D1E1096702EC01FBEE189008D1E10A6702EC01FBEE189008D1E10B6702EC01FBEE189008D1E1146702EC01FBEE189008D1E11501
:FF5E76006702EC01FBEE189008D1E1166702EC01FBEE189008D1E1176702EC01FBEE189008D1E1186702EC01FBEE189008D1E11F6702EC01FBEE189008D0E16702670202FBEE140008ECEF7BEFE3EFFBEEDA730858EF782F762FF400C3EFFB1E20A0083C1200FB1E20A0083C1200FBEE20A008F1E809FB1E20A0083C1D00FBEE20A008F8E400FB1E20A0083C1672FB1E20A0083C1750FB1E20A0083C111CFB1E56C1083C120AFBEE63C00858EF780FC3EFFBEE56C108F8E40AFBEE02C00859EF20786FC7EF20FBEE02C00858EF786FC3EF0538010002FBEEDB7008F1E801FBEEDB7008F0E8FBEEDB7008F2E44001FBEEDB7008F2E54001FBEEDB7008F2E34001FBEEDB6F
:FF5F75007008F2E2400102FBEE62C008754FBF50EFC3EFFBEE22A008F0EDFBEE22A008F0ECFBEE22A008F0EFFBEE22A008F0EEFBEEDB7008F2EC4001FBEEDB7008F2ED4001FBEEDB7008F1E801FBEEDB7008F2EB4001FBEEDB7008F0E8FBEEDB7008F2EA40010260C0A081908A3D0100B88961011E3D01812E2BFBE2206F0000F8E500FBE2226F0000D10E03FBE25C890000E10E02FBEE22A008F0E6FBEE22A008F0E4D5000102B881670360C0A081908A3D0100B88961011E3D01812E46FBEE1B7208F4E41E3D01802E39FBE258890000E10E02FBE21E6F0000D10E03FBEE1B7208F0ECFBEE22A008754FA054EFC3EFFBEE62C00858EF786FC3EFFBEE1B7208F0E4D555
:FF607400000102B8816703026E12FB121E6F00005C116101202EFB1258890000EC11FB2E22A008C41201FB1258890000EC126212E312FB121E6F0000DC126012D3126F127F95FB1E22A008F01FFB1E22A008F0126F127F956EEF6E15FB1E62C0087542BF5012C312FB1E22A008F01FFB1E22A008F01DFB1E22A008F01A39A9006F156FEF7F956EEF6E15FB12226F00005C11FB22206F000006C4212B2AFB125C890000EC11FB2E22A008C12103FB125C890000EC126212E312FB12206F0000DC126212D312FB12226F00005C11FB22206F000006C4212A19FB1E22A008F01EFB1E22A008F01C3950006F156FEF7F956F156FEF7F956EEF6E156040395A00FB1E24A008E1
:FF617300C410037541C751010380897541C05501038089FB1E24A008C1010362406F156FEF7F9505870800FBE2F85E0000FAE40C08010205770800FB12F85E0000622166120524FEFFFB12F85E0000B0910552D4FF020558080002FBEE140008ECEF7BAFE3EFFBEEDE730858EF653F762FF300C3EFFB1EA0A0083C1200FB1EA0A0083C1200FBEEA0A008F1E809FB1EA0A0083C1D00FBEEA0A008F8E400FB1EA0A0083C1672FB1EA0A0083C1750FB1EA0A0083C111CFBEEA2C108F8E40AFBEE0CC00859EF60782FC7EF60FB1EA2C1083C110AFBEE0CC00859EF20783FC7EF20FBEE0CC00858EF783FC3EF0538010002FBEEDF7008F1E801FBEEDF7008F0E8FBEEDF7008E0
:FF627200F2E03D01FBEEDF7008F2E13D01FBEEDF7008F2E73C01FBEEDF7008F2E63C0102FBEE6CC008754FF750EFC3EFFBEEA2A008F0EDFBEEA2A008F0ECFBEEA2A008F0EFFBEEA2A008F0EEFBEEDF7008F2E83D01FBEEDF7008F2E93D01FBEEDF7008F1E801FBEEDF7008F2EF3C01FBEEDF7008F0E8FBEEDF7008F2EE3C010260C0A081908A3D0100B88961011E3D01812E2BFBE2266F0000F8E500FBE2286F0000D10E03FBE264890000E10E02FBEEA2A008F0E6FBEEA2A008F0E4D5000102B881670360C0A081908A3D0100B88961011E3D01812E46FBEE1C7208F4E01E3D01802E39FBE260890000E10E02FBE2246F0000D10E03FBEE1C7208F0E8FBEEA2A00875EC
:FF6371004FA054EFC3EFFBEE6CC00858EF783FC3EFFBEE1C7208F0E0D5000102B8816703026E12FB12246F00005C116101202EFB1260890000EC11FB2EA2A008C41201FB1260890000EC126212E312FB12246F0000DC126012D3126F127F95FB1EA2A008F01FFB1EA2A008F0126F127F956EEF6E15FB1E6CC0087542F75012C312FB1EA2A008F01FFB1EA2A008F01DFB1EA2A008F01A39A9006F156FEF7F956EEF6E15FB12286F00005C11FB22266F000006C4212B2AFB1264890000EC11FB2EA2A008C12103FB1264890000EC126212E312FB12266F0000DC126212D312FB12286F00005C11FB22266F000006C4212A19FB1EA2A008F01EFB1EA2A008F01C3950006F75
:FF647000156FEF7F956F156FEF7F956EEF6E156040395A00FB1EA4A008C410037541C751010380897541C05501038089FB1EA4A008C1010362406F156FEF7F9505710500FBE208670000FAE40C08010205610500FB1208670000622166120524FEFFFB1208670000B091051AD3FF02054205000202FBEEFE0308F8E90FA5FBEE1FC108F0EFFBEE1FC108F0E6FBEE0C8908F8E4000540000005EDF2FF05FEF7FF05AAF9FF05BAFCFF054CF4FF05D9F1FFFB22E064F9FF66A1055B0700FBEE1FC108F0EEFBEE1FC108F0E7FBEEFE0308F8E900A50205050000020202391A00390E00390D00390C0005EA0E0002030203020585FFFF026080FBEE1C0008FAE9F10102A5FB90
:FF656F00EE1C0008ECE169F1E301FBEE1C0008ECEF7BFFE3EFFBEE21C008C4E0072E0303B189FBEE21C00844E121F6EC016DF1FBEE1C0008ECEF7BFF571FE3EFFBEE1C0008FAE9F10100A56702604080892E0303FB1E804008AC117C8121F6B089FBEE804008E3E1670160402E0303FB1E904008AB117CC120F6FBEE904008ECE18089B0896701FBE268890000FBF2E0900000E3EFFB1268890000FB2228910000A01AFB1268890000FB2270910000A092FB32E0900000FB223E28F8FFFB123528F8FF05B86B006101210CFBE2E0900000F8E9FFFFFBE2E0900000F8E501FBE2E0900000DCEF78BFD3EFFB12E0900000A81A6212A092FB3228910000FB224A28F8FFFB91
:FF666E00124028F8FF05736B006101210CFBE228910000F8E9FFFFFBE228910000DCEF78BFD3EFFB1228910000A81A6212A092FB3270910000FB224A28F8FFFB124C28F8FF05376B006101210CFBE270910000F8E9FFFFFBE270910000DCEF78BFD3EFFB1270910000A81A6212A092026040F806002E2AFBE268890000EC01FE61EE667F06E00CEF2011FBE268890000EC01FE61E105166B00EC016211E301FBE22010F8FFEC010684E129CD67017100ECA101A08AA083FB36FFFB223528F8FFA9017F83FCDBE2FCDBF543FE610E211BA8897C011EF806FF2E77A889FBE2A25D0000C3E1F806002E68FB36FFFB224028F8FFA9017F83FCDBE2FCDBF543FE610E211BA872
:FF676D00897C111EF806FF2E45A889FB22A25D00008029F806012E36FB36FFFB224C28F8FFA9017F83FCDBE2FCDBF543FE610E211AA8897C111EF806FF2E13A889FB22A25D000080A1F806020CF806FFEC01A00967056080A009F80601661167027100E0A189A182A10BFBE2A25D0000A989FECE1E7C1E2110A989FBE2A25D0000FECE1E7C2E15F806010CF80600EC0161012051A98961011FF90601FF2E4AA989611116A98961211DF806010CF80600EC016101202AE50005032E19A981C4100BA9816211A181B2890586FDFFA8896011A089A88961012AE5E50005010AF90601FF0DF90601FFA809A10167087EA67100E4A181A10AA103FBE2A25D0000A981FECE1EB6
:FF686C007C0E2110A981FBE2A25D0000FECE1E7C2E15F806010CF80600EC0161012033E50004022E22A90E0542FDFFC361A909581E61DE1EA909F8140AA9096211A109A8816011A081A88161012ADCE50004010DF90601FFA809A0893F66087100F0A089A082A00BF806FFFB16FF67046040F80E2A0007FB1E2A00076701604005D50800E30167017100D0A289A282770240420F200DAA817601E80315F806010CF80600EC01610112AA81611115F806010CF80600EC016101173C070038D80039BEFFA201AA81770140420F2114FBE6FF06A1090E0806850E0B2306F806010CF80600EC0161012031AA01068D010B06A109010AA189A98961312309A9896021A1890C47
:FF696B003E0700A9896821A181A981610121783C0700388000AA0406A107040BAA83FDBF3EEF41EF52EFE405BA6B00A10AA101A909A902660E6132FC03E12312A909A9027122FEFD7421FFA109A1020C3E0700A909FD8212A903A08A68236DE15713A083A881A88961011AA8810695010361011DF806010CF80600EC016101163C07002E13E5000206A9812E030303601121FD3C0701C5000727590127670C6040FD6A017721000010E301EC0161011D7FB8670167016040FD6A017721000010E301EC0161011D7FA8670167016080FD6A01E301EC0174210000000FE301EC016981E301EC01A009670260C0A0813C0600FD6A017721000010E301EC01610121673C0689
:FF6A6A0001A88161F1245BFBE2F819F8FFFE41EE7F4E7570002E4E7570012E497570022E447570032E3F7570042E3A7570052E357570062E307570072E2B7570082E267570092E2175700A2E1C75700B2E1775700C2E1275700D2E0D75700E0875700F0C3C0600C5000607B18967036080A009EF03664266E105670200A809FBE22A6F0000FED1EE610E2012A809FBE22A6F0000FE51EF601FFE11EFA809FBE22A6F0000FED1EE610E213CA80961412021FBEEFE03085CEFFB52CA06F8FFA809FE51557E05773F00A500535FD3EF2E17FBEE1FC108F0EFFBEE1FC108F0EEFBEE1FC108F0E7EF03663266E105F5010067026080A009EF03664266E105E50100A809FBE2DF
:FF6B69002A6F0000FED1EE610E2133A8096141201FFBEEFE03085CEFFB52CA06F8FFA809FED155575F773F00A500D3EF2E10FBEE1FC108F0EFFBEE1FC108F0E6A809FBE22A6F0000FE51EF621FFE11EFEF03663266E1058B0100670266113994FFFBEEC20008F8E901A5032EFF6040F806002E15EC01FBE22A6F0000660FFE11EFEC016211E301EC01615123E967016040F806002E15EC01FBE2B8890000660FFE21EFEC016211E301EC0175514923E867017100F0A0896831A081A8896471A009A8817311007208E301A809EC02FC602167047100F0A0896831A081A8896471A009A8817311007208E301A809EC02FC642167046040F806002E19EC01FBE2DC8A000045
:FF6C6800FBF200000010FE21EFEC016211E301EC0161F123E567017100ECA101A08A3E0100A889610112A8897401000000101DF806010CF80600EC016101A9012013FBE2DC8A0000FBF200000010FE21EF2E3A61C116A90161D11DF806010CF80600EC0161011FA90161E12906F806010CF80600EC016101163E01022E0FFBE2DC8A0000A889A902FE22E1A809A08167057100ECA101A08A3E0100FBE2DC8A0000A901FE61EE610E2014FBE2DC8A0000A901FE61EE740E000000101DF806010CF80600EC016101163E01012E11FBE2DC8A0000A901FE61EEA889E31EA809A08167057100E4A181A10AA1033E0200A90961413A7F00611120576121205F6131206761011A
:FF6D67002178FBE2DC8A0000A981FE61EE610E2018FBE2DC8A0000A981FE61EE740E0000001015F806010CF80600EC0161012018E5000601FBE2DC8A0000A981FE61EE7101047F1E2E373E02012E32A981661205F70600A0812E26A981660205EB0600A0812E1AA9026611391A00A0812E0FA9026601390F00A0810C3E0202A881A08967077EA67100E08789A1826102200FA98174010000001015F806010CF80600EC016101204CFD6A017721000010A089A889610121383E0400B7896111A9861DE460010A050BFCFFE3613E010FA981EC1E61EE2415A8090515FCFF8289B289610121123E04042E0D3E0404083E04030C3E0402A901A1093F66096EEF6E15FB32003A
:FF6E66000000106601EF1239D9FE6F156FEF7F956EEF6E15FB32000000106602664139C2FE6F156FEF7F956EEF6E15FB32000000106602661139ABFE6F156FEF7F956EEF6E156040FB3200000010660266313992FEFD6A31E301EC01762103FFFD681362406F156FEF7F956EEF6E156040FB1E8075085811641161112112FB1E8175085811641161111DF806010CF80600EC0161012016FB3200000010660266213943FEFB1E827508F010FB1E80750858116811641161112114FB1E81750858116811641161111DF806010CF80600EC0161012016FB3200000010660266513905FEFB1E827508F011FB1E80750858116821641161112114FB1E8175085811682164114E
:FF6F650061111DF806010CF80600EC0161012016FB32000000106602666139C7FDFB1E827508F012FB1E80750858116831641161112114FB1E81750858116831641161111DF806010CF80600EC0161012016FB3200000010660266713989FDFB1E827508F013FB1E80750858116841641161112114FB1E81750858116841641161111DF806010CF80600EC0161012016FB320000001066026681394BFDFB1E827508F014FB1E80750858116861641161112114FB1E81750858116861641161111DF806010CF80600EC0161012016FB320000001066026691390DFDFB1E827508F016032EFF6EEF6E15FB3200000010660266A139F2FC6F156FEF7F956EEF6E15FB1E0022
:FF7064001308F010FB3200000010660266B139D4FC6F156FEF7F9560C0A0813C0600F80601A881EC0206A01012E302EC0161011E3C06012E0303C5000607B18967036080A009F816003C0301B08967026080A009EF1E6C2EFB12B88900004BE139BBFF8089B08967026080A009EF1E6C2EFB12B88900004BE139C9FF8089B08967027EA1FD6A017D41211679417EA2EF0206A110210206A11021017EB27F957EB102FD6818026080EF017EA2FD6A82E3127EB2EC01A0096702FD6819026080EF017EA2FD6A92E3127EB2EC01A0096702FD681D026080EF017EA2FD6AD2E3127EB2EC01A0096702FD170102FD1711026080EF017EA2FD1F02E3127EB2EC01A00967026087
:FF71630080EF017EA2FD1F22E3127EB2EC01A0096702FC601202FC641202FC6C120260C0A081FBE2849000000688E1FBE21C8B000072EE000447E12507F806FF2E18FBE284900000E0E0FBE284900000ECEF06890F02E3EFEC01A00967037100F0FBEE260008DCE1688164718089B08961412047611120166121202F613120336101216AF90E0200093D2E68F902020048E801FB1E200008B599643161312154F9020280F937032E4BF90E0200127A2E43F90E020080002E3BFB1E2000089911688175213F63A162A16811A009FB1E200008B9116431661EFD621E63AEFB1E00127AFC27E1068D0101A0810FF90E0200127AA881FBEE200008ECEE6C4E69CEFD60E1A07A
:FF72620089670439070039A801026040F80600FBEE200008FAE9EF010BA5396400EC0179C1E301EC017901E301EC017881E301FBEE200008E00EEC01FBEE2000080684E1210303F80A0001EC01FB2E20000890A95C01FBEE20000806C5E103210303FB1E2000083C9401FB2E40420F66410521F6FFFBEE200008FAE9EF0100A567016040FBEE310008F9E46F002E0303FBEE31000859EE6F684E641E611E20F1FB1E310008B11964116111142E3D03FB1E310008B29968316411611120F2FB1E310008B19265328192FB1E3100083C1500FB1E310008B11961011D032E0303FBEE310008F5E30B20F7FBEE310008F6E060C23BA800FB1E3100083C12012E0303FB1E31D8
:FF7361000008B091611121F6FBEE26C408F0E82E0303FBEE26C408F4E021F8FB2E40420F7541B0056CF5FF3C0306FBEE26C408B089754FF150EF6C1164E1571FC3EF2E0303B089FBEE26C40858EE681E647E47E121F0FB1E3100083C12002E0303FB1E310008B091610121F6FB2AE803FB1ACA05051FF5FFFBEE26C408F0E02E0303FBEE26C40858EE641E611E21F4FB2E40420F7541D205FCF4FFFBEE310008F8E4012E0303FBEE31000858EE611E21F66701FBEE2C0008FAE9E9010FA5FBEE2C00085CEF772FEFFF00D3EFFB1E2C00083C1201FBEE2C0008FAE9E90100A502FBEE00C008754FDF54EFC3EFFBEE01C00858EF653FC3EFFBEE02C00858EF753F3EC3EF31
:FF746000FBEE03C008C0EEFBEE04C00858EF753F1DC3EFFBEE0BC00858EF753F7CC3EFFBEE0CC00858EF781FC3EFFBEE0DC008754FF754EFC3EFFBEE0EC008754FE354EFC3EFFBEE12C00858EFF8E4FF027100ECA101838AF80600A90161213A1B0161313AF80061D13AA50061C1204F61B13B1901B3896111212CFBEE107008F0E8FBEE00730858EF65FFC3EF754110052BF7FFFBEE041308F0E0FBEE041308F0E138EC007541100534F7FFFBEE041308F0E8FBEE041308F0E938D400B38961112130FBEE04130858EE610E211BFBEE107008F0E8FBEE00730858EF65FFC3EF75411005D8F6FFFBEE041308F0E038A000FBEE041308F0E8FBEE04130858EE610E3B8DDA
:FF755F000075411005D5F6FF388300B3896111212FFBEE04130858EE610E211BFBEE107008F0E8FBEE00730858EF65FFC3EF7541100587F6FFFBEE041308F0E12E4FFBEE041308F0E9FBEE04130858EE610E213D7541100586F6FF2E34FD6A31A009B3896111A8091A7631007CFD68132E1F7621FF83FD68132E16B389611119FBEE817508F0E008F806030CF80603EC01A0816705FBEEFE0308F8E908A5FBEEFE0308F2E09FBEFB2AE803665105E8F2FF0AFBEEFE0308F2E8A0BEFBEEFE0308F6E0A0BE21EEFBEEFE0308F8E900A5027100F0EF34A089A082A00CA882A889661339FC028089B08967047100ECA101A08AA083A00CA885A88AA9016040E3046613EF5476
:FF765E00394E0362408089B08967057100F0EF34A089A082A00CFB1E40420F06A1090103A882662339B6028089B08967047100ECA101A08AA083A00CFB1E40420F06A1090104A885A88A6040E3046623EF5439000362408089B089670560C0A08161112407A88161011DF806010CF80600EC016101163C06002E24A88139C905A881392A04A881FBE288900000660FFE21EFA881629105D9F9FF3C0601C5000607B18967037100E4A181A10AA1033C0E01A90961412111A901F816023C0E01C5000E07381302A981610117A98161212306F806010CF80600EC016101200C3C0E00C5000E0738F101A90961613A9E016111203B711EFE612E237D61513AF80061013BCECE
:FF775D0001A9816111241EFBE288900000A981FE61EE610EA9011FF8140038B501F8140138AF013C0E0038A901A9816111243FFBE288900000A981FE61EE610E3A9301A9816111201861013B8801FBEE0080085CEF772FFEFF00D3EF387701FBEE0080085CEF772FFDFF00D3EF3866013C0E00386001A98161112475A9816111201661012120FBEE0080085CEF772FFEFF00D3EF2E10FBEE0080085CEF772FFDFF00D3EFFBE288900000A981FE61EE610E3A2201A90961212110FBE2400CF8FFA981FE61E13D1100A9816111201561013B0301FBEE008008DCEF780FD3EF38F500FBEE008008DCEF781FD3EF38E7003C0E0038E100A90161011D3C0E000EA901E4100280
:FF785C00B3816111212F8A0161012708A88161F12B06F806010CF80600EC0161011FA98161212306F806010CF80600EC016101143C0E00B38161113B9900A98162910516F8FF6111A981210E62910523F8FF3C0E00387F006111201A6101212BFBEE047308B201754FF050EF64F1571FC3EF2E62FB1E047308B2027543F051130164F25723801B2E4D032E4AA98161112407A90161011DF806010CF80600EC016101163C0E002E2EA981611120136101211AFBEE04730858E164F1A0812E0DFB1E047308B01964F1A081A881A902E3210C3C0E00C5000E07C500070FB38967077100ECA101A08AA083A00C3C02003906016111163C01002E55A80939120161011E3C0218
:FF795B00002E41A809EC11A90239A7038081B0816111A809EC1121266C21FBE2889000004B1EE10E02A809EC1EFBF21C8F0000A889FE2EF1A809EC1139EF010F62910530F7FF39C100C5000201C5000103B08967057100E4A181A10AA103A08CE50008023C06008A0161012708A88161F12B06F806010CF80600EC0161011FA88961212306F806010CF80600EC016101163C05002E59395F006111163C05002E4EA889629105B4F6FF6111213BA982A8893903038181B1816111A88921246C21FBE2889000004B1EE10E04FBE21C8F0000A909A88AFE22E1A882A88939D9010F62910590F6FF392100C5000605C5000507B1896707604066810560F6FF8081C5000203FC
:FF7A5A00B089670166810569F6FF0260C0A0813C0600F806002E25EC0161012019EC0162910535F6FF6111210DEC01A882E3213C06012E0EEC016211E301EC01612123D9C5000607B18967036080A009661105AFF0FFEF03664266E10594F2FFA8096111202161012136FBEE100008ECEF7AFFE3EFFBEE0080085CEF772FFEFF00D3EF2E1BFBEE100008ECEF7AFFE3EFFBEE0080085CEF772FFDFF00D3EFEF03663266E1054CF2FF661105D5EFFF67026080A0096611054BF0FFEF03664266E10530F2FFA8096111202D6101214EFBEE0080085CEF772FFEFF00D3EFFB1288900000A81961012134FBEE100008ECEF78FFE3EF2E27FBEE0080085CEF772FFDFF00D3EFD9
:FF7B5900FBE288900000ECEE610E210DFBEE100008ECEF78FFE3EFEF03663266E105D0F1FF66110559EFFF67026040E301FBE2400CF8FFFE61EEDCEF786FD3EFFBE2400CF8FFEC01FE61E13D1100EC01611120346101215FFBEE1C7008F0E8FBEE1C70085AEFE802659F762FF900CBEFE80275411C054DF0FFFBEE008008DCEF780FD3EF6701FBEE1C7008F1E801FBEE1C70085AEFE902659F762FF900CBEFE90275411D051EF0FFFBEE008008DCEF781FD3EF670167016080A009E302FBE2400CF8FFA809FE61EEDCEF786FD3EFFBE2400CF8FFA809FE61E13D1100A8096111203761012165FBEE1C7008F0E8FBEE1C70085801754FF052EFE80264F1571FCBEFE80227
:FF7C580075411C05BCEFFFFBEE008008DCEF780FD3EF6702FBEE1C7008F1E801FBEE1C70085801754FF052EFE90264F1571FCBEFE90275411D058AEFFFFBEE008008DCEF781FD3EF670267026040E301611120346101215FFBEE0080085CEF772FFEFF00D3EF75411C057BEFFFFBEE1C7008754FF052EFE802CBEFE802FBEE1C7008F0E86701FBEE0080085CEF772FFDFF00D3EF75411D054DEFFFFBEE1C7008754FF052EFE902CBEFE902FBEE1C7008F1E801670167017100ECA101A08A3C0300A8897701987F33247B3E01002E70FBE2480CF8FFA809FE61EEFBF2C0FC9B01FC27EF690F06850F03224EA9013961FDFBE2480CF8FFA809FE61EEFB12C0FC9B01FC271C
:FF7D5700E106A10901036011FBE2400CF8FFA902FE62E290A1FBE2400CF8FFA901FE61EEB8815CEF772FFCFF006431571FD3EF3C03012E0EA8096211A009A8096141238EC500030BB28967056040F80E460005FB1E46000567016080A009FBE288900000FE61EE612E1EA80939F8F8FBE21C8F0000A809FE61EE610E2018FBE21C8F0000A809FE61EE740E0000001015F806010CF80600EC0161012014FBE21C8F0000A809FE61EE7101047F1E670267026EEF6E15661139A3FF6F156FEF7F956080FBE28A5E000058EE611E1EF8060F2E46661105E90C00610116F806012E38FBE22C8F0000F8E600FB12909000003C9D00FB12909000003C9C006601EF12391D0005F6
:FF7E5600F90600FBE28A5E0000F8E40105D50C00F80600EC01A00967027100E88589A102A082B58961113B8400A881B11161012B0AA881B11161F12B06F806010CF80600EC016101163E010A2E76A881EC1E610E200DA881EC1E740E000000101DF806010CF80600EC016101163E010B2E52A881FBE2248F0000E01EA881FBE2288F0000E01EFBEE177008F0E8A881B111FBEE177008754FF052EFEB0264F1571FCBEFEB0275411705820C002E13B589610119FBEE177008F0E80D3E010A0C3E0100A809A08967066080660105F20B00610116F806012E1F6601EF123941FFFBE28A5E0000F8E400FB12348F0000052E0C00F80600EC01A00967027100E4A181A10AFB17
:FF7F5500E28A5E000058EE611E173E010138BF00664105A90B006101173E010138B000A90AA98171030839AC00A089A8896101200D05B10B00E5000301389300A883A90AA981394901A089A8896101200C05950B00E50003012E77A88105340800A089A8896101200C057D0B00E50003012E5FA90AA981054A0800A089A88961012014051F070005230800055B0B00E50003012E3DFB1290900000A9116181200DFB1290900000A91161211DF806010CF80600EC016101201505F10700A089A88961011505DE0600051E0B00E5000301A809A10167077100E8A109A102A08BF83602A9097701000010290FA9097701FF1F102A06F806010CF80600EC0161012048A889F6
:FF805400F81601FBEAFF0306A10C0E05163E01082E4FA90161812407A90161011DF806010CF80600EC016101163E01092E33A9016CA1068901056011770100201023073E01092E1DA909391F006101163E01032E10A889EC1E612E1D3E01080C3E0100A809A081670660C0A0813C0600A88177010000F82306F806010CF80600EC016101143C0601C5000607B18967037100F0A089A082A00BFBE290900000E50E0301FBE290900000E50E0202A8096111212EFB1290900000B7116111210CFB12909000003E14030AFB12909000003E1402FBE290900000F9E20620BA3B08F80600660167047100E0A189A182A10BFBE28A5E000058EE611E173E0101382E01665105EF
:FF815300BE09006101173E0101381F01A982A989710308395202A089A8896101200D05C60900E5000301380201A883A982A98939FF00A089A8896101200D05AA0900E500030138E600A88161112133FB1290900000B71161012158A909610112A9097401000000101DF806010CF80600EC016101203D057209003E010B38AF00FB1290900000B71961012127A909610112A9097401000000101DF806010CF80600EC016101200C054109003E010B387E00A88105E00500A089A8896101201005E5040005250900E50003012E61A90BA982A989054A0600A089A8896101201405C5040005C9050005010900E50003012E3DFB1290900000A91161A1200DFB1290900000DE
:FF825200A91161411DF806010CF80600EC016101201505970500A089A8896101150584040005C40800E5000301A809A10167087100ECA101A08AA083F80600FBE290900000E50E0401FBE290900000E50E0302A8816111212FFB1290900000B7116111210CFB12909000003E14050AFB12909000003E1404A8897611EE11FB2290900000A1A1EC01A00967057100E0A189A182A10BFBE28A5E000058EE611E173E010138C1006631051A08006101173E010138B200A90AA98171030839AE00A089A8896101200D05220800E5000301389500A883A90AA981393901A089A8896101200C05060800E50003012E79A88105A50400A089A8896101200C05EE0700E500030175
:FF8351002E61A90BA982A989058F0500A089A88961012014058E03000592040005CA0700E50003012E3DFB1290900000A91161C1200DFB1290900000A91161611DF806010CF80600EC016101201505600400A089A889610115054D0300058D0700E5000301A809A10167087100E8A109A102A08BF83602A9097701000010230FA9097701FF1F102406F806010CF80600EC016101205DA889F81601A9090689010460117701FF1F10240BA90177010100012306F806010CF80600EC01610121030DF806010CF80600EC01610121030DF806010CF80600EC0161011EA90161011DF806010CF80600EC016101163E01072E1DA9093979FC6101163E01032E10A889EC1E61CC
:FF8450002E1D3E01080C3E0100A809A08167067100F0A089A082A00BFBE290900000E50E0301FBE290900000E50E0202A80961112130FB1290900000B7116111210CFB12909000003E14070AFB12909000003E1406A88177117EFC00FB2290900000A1A1F80600660167047100E8A109A1023E0200FBE28A5E000058EE611E2011FBE2B0900000ECEE611E15F806010CF80600EC016101163E01012E61A909610121100504020005440600E50002012E4DFBE2B0900000ECEE611E210DA90961D120283E01012E36FBE2B0900000ECEE612E12A909611115F806010CF80600EC016101163E01012E15A909611118059F0100A0810C3E020AE5000201A809A0896706FB18
:FF854F00EE90C07FF0E0FBEE90C07F58EE641E611E210303FB2EF0D200666139490202FBEED8C17FFAE9ED1E80AAFB2EF0D2006661393302FBEEA00008667FFC30EF187541103930040F754150392904FBEED8C17F58EF753F1A762FFA00C3EF026681391304FB2EF0D200666139FB01FBEEB2FF7FF8E900AAFBEEB2FF7F5CEE610E21F7027100F0A089A082A88970110000F0FDA009A8816CA1068901037011FFFFEFFDE301FBEE04C17FF0E8A8096901FB2E04C17F91A1FBEE04C17FD50E0202EC016901FB2E04C17F93A1FBEE04C17FD40E0AFB1E04C17F3C908467047100F0A089A082A88970110000F0FDA009A88170110000F0FDE301FBEE04C17FF0E8A8096905
:FF864E0001FB2E04C17F91A1FBEE04C17FD50E0202EC016901FB2E04C17F93A1FBEE04C17FD40E0AFB1E04C17F3C908367047100F0A089A082E10003A88170110000F0FDA009FBEE04C17FF0E8A8096901FB2E04C17F91A1FBEE04C17FD50E0202FBEE04C17FF9E52000FB1E04C17F3D9E00FB1E04C17F3D9A00EC015811FB2E04C17F95A1FB1E04C17F3C908167046080FBE2B0900000ECEE612E1DF806000CF80601EC01A0096702FBEE24C17FF0E0FBEE24C17FF0E8026040FB1290900000B7196111200DFB1290900000B71161111DF806010CF80600EC0161011075411705730400FBEE14C17F5EEE4F1F755E80200EFBEE14C17F5EEE4F1F611E1DF806010CF8BB
:FF874D000600EC016101202AFBEE14C17FF0E6FBEE14C17FF5E61820F8FBEE14C17FF8E400FB1E14C17FB61168616411611120F3FB1290900000B7196111200DFB1290900000B71161111DF806010CF80600EC0161012012FBEE177008F0E8395300058C03006701670160C0A081A00A068D0202E302EC01FD7881A00FE301EC016051E301EC0161012B0EEC012E030303601121FD6703670360C0A081F80600A88161111D3980FD0CF8060AEC01A00967036040FBEEB2FF7F5CEE755E801C39A4FDF80600660167017100E8A109A1023E0200FBEEB2FF7F5CEE755E802116A902A90939A4FDFB1290900000B719611120130E3E01032E27FB1290900000B71161111D1C
:FF884C00F806010CF80600EC01610116E50002010A399B01A081E5000201A809A08967067100E4A181A10AA1033E0200FBEEB2FF7F5CEE755E80211CA981EF12068902056012399BFDFB1290900000B719611120130E3E01032E41FB1290900000B71161111DF806010CF80600EC01610117E50002012E24393801A081A881610118A901F816022E0FA881613119A901F816033E0200E5000201A809A08967077100E4A181A10AA1033E0200FBE290900000E10E06FBE290900000E50E0501FBEEB2FF7F5CEE755E80210FFBE290900000E50E0402388D003E0103389800FB1290900000A8926012A092FBEEB2FF7F5CEE755E80210FFB2290900000EC21A82A3934FDD9
:FF894B00FB1290900000B7196111200DFB1290900000B71161111DF806010CF80600EC016101214A398900A081A8816101213FFBEEB2FF7F5CEE755E802126FBE290900000ECEF621FE3EFFB1290900000A81A6212A01AFBE290900000F9EE067EFC00FB1290900000A89161013B72FFE5000201A809A089670760408089FBEE00C17FF9E480A5FBEE00C17FC10E03B0897E01FBEE00C17FC3E1FBEE00C17FC10E03B089FBEE00C17F44E11C036701670160C02E1FFB1290900000A9926012A192FB1290900000A99161011F3E010E387600FB1E14C17FB61168616411611121D6FBEE14C17FF8E400FBEE14C17FF5E61821F8FBEE14C17FF5E4DC1AFBEE14C17FF5E0B2
:FF8A4A00DC15F806010CF80600EC0161011AFBEE14C17FF5E1DC15F806010CF80600EC0161011AFBEE14C17FF5E3DC15F806010CF80600EC016101103971FC3E01030C3E0100A809A08167036080057FF3FFE301EC0161011AFBE2B0900000F8E602EC01A00967026040056AF4FFE301670160C0A081A00AA881058DF4FFE30167037100F0A089A082A00BA882A8890561F6FFE30167047100F0A089A082A00BA882A88905F0F7FFE301670460C0A081A00AA88105BDF9FFE30167036040F80E140005FB1E140005670160C0A081FB12348F00003930006111210FFBE2B0900000E10E02F806000CF80601EC01A0096703FBE2B0900000F8E602FB12348F000039280085
:FF8B49000260C0A0813C0600F80601A881EC0206A01012E302EC0161011C3C0601C5000607B18967036080A009F816003C0301B08967027100F0A0896831A081A8896471A009A8817311007208E301A809EC02FC602167047100F0A0896831A081A8896471A009A8817311007208E301A809EC02FC6421670466410597DFFFFBEE04C008754FFD51EF60C7EF60FBEE04C008754FFD50EFC3EFFB1E4EC1083C9380FBEE04C00859EF60752F7FC7EF60FBEE04C00858EF752F7FC3EFFB1E4EC1083C9980FB1E4EC1083C1B40FBEE03C008754FFD51EF60C7EF60FBEE03C008754FFD50EFC3EFFBEE4EC108F9E46440FBEE0EC008754FFB51EF60C7EF60FBEE0EC008754F8B
:FF8C4800FB50EFC3EFFBEE4EC108F9E4590DFBEE6CC008754F8054EFC3EFFBEE4EC108F9E4580DFBEE6CC00858EF786FC3EFFBEE4EC108F9E4570DFBEE6CC00858EF785FC3EFFB1E4EC1083C1A0AFBEE03C00859EF60780FC7EF60FBEE4EC108F9E4540AFBEE6CC00858EF782FC3EFFBEE4EC108F8E40FFBEE61C00858EF786FC3EFFB1E4EC1083C110FFBEE61C008754F8054EFC3EFFBEE02C00859EF20786FC7EF20FB1E4EC1083C180AFBEE02C00858EF786FC3EFFBEE2CC00858EF783FC3EFFBEE4EC108F9E4550AFBEE0CC00858EF783FC3EF664105BADDFF0266410535DEFFFBEEA5C108F8E40DFBEE6CC008F0E5FB1EA5C1083C110DFBEE6CC008F0E6FB1EA511
:FF8D4700C1083C120DFBEE6CC008F0E766410580DDFF027100ECA1013C0B00A90161011EF806032E44A901B0990566300061011EF806022E34A901B099057130008289B28961011EF806012E20A901B099FBE2CA5D0000660FFE0E1FA9013C1200A901390E00A009E10001EC01A089670560C0A081661239E71EA8816602394D1EA881660239AB1EA881B09905533000A8826601399A0FE301EC016101200EF80608A881660239B81E2E1AA881B099059E3000A881B09905FF2D00A881B09905682E00EC01A00967037100ECA10161012021A901A89961012111A901A91974010000001015F806010CF80600EC01610115F806010CF80600EC0161012121A901A891619D
:FF8E4600012111A901A91174010000001015F806010CF80600EC01610115F806010CF80600EC01610118A901A81961011DF806010CF80600EC016101163E01032E1DA901B099054E2F0061011E3E01022E0DA901390F00A081E5000201A809A08967057100ECA1013E0100A901390E1EA081A881610116E100022E79A901664239DF1DA901661239451DA901B0996C21FBE2408F00004B1EE10E04A901E5100101A901B0996C21FBE2388F00004B1EE10E01A902662139790EA081A88161012031A9016612399A1DA901B0996C41FB224C8F00004B12A8296141A901210F660239251DA9016642391E1D0E660239181DE10002EC01A08967057100ECA101610110A901B5
:FF8F4500A99161011DF806010CF80600EC016101211DA901A8996101200DA901A91961011DF806010CF80600EC01610115F806010CF80600EC01610118A901A91161011DF806010CF80600EC01610118A901A89161011DF806010CF80600EC01610118A901A81961011DF806010CF80600EC016101163E01032E2AA901B09905162E0061011E3E01022E1AA901A8996101A9011F391500A0810E39A500A081E5000201A809A08967057100ECA1013E0100A90139C91CA081A881610116E100022E79A9016642399A1CA901662239001CA901B0996C21FBE2408F00004B1EE10E04A901E5100101A901B0996C21FBE2388F00004B1EE10E01A902662139340DA081A881CA
:FF90440061012031A901661239551CA901B0996C41FB224C8F00004B12A8296141A901210F660239E01BA901664239D91B0E660239D31BE10002EC01A08967057100ECA1013E0100A90139331CA081A881610116E100022E79A901664239041CA9016632396A1BA901B0996C21FBE2408F00004B1EE10E04A901E5100101A901B0996C21FBE2388F00004B1EE10E01A9026621399E0CA081A88161012031A901661239BF1BA901B0996C41FB224C8F00004B12A8296141A901210F6602394A1BA901664239431B0E6602393D1BE10002EC01A08967057100ECA10161012025A901A9197401000000102111A901A9117401000000101DF806010CF80600EC01610115F82A
:FF91430006010CF80600EC01610118A901A81961011DF806010CF80600EC016101163E01032E1DA901B099056C2C0061011E3E01022E0DA901390F00A081E5000201A809A08967057100E8A1093E0200A909392C1BA089A889610110E500030138DB00A909B0996C41FBE24C8F00004B1EECEE614E2019A909661239E71AA9096642394D1AA90A661139A90BA089A909B0996C21FBE2448F00004B1EE10E05A909E5100102A909B0996C21FBE23C8F00004B1EE10E02A909A9197401000000102011A909A91174010000001015F806010CF80600EC016101A909117542A039B01F2E56A9197401000000102011A909A9117401000000101DF806010CF80600EC016101C8
:FF924200A9091175428039851F2E2BA9197401000000102111A909A91174010000001015F806010CF80600EC01610111A909754220395A1FE5000301A809A10167067100ECA101A08AA901610116A88961011DF806010CF80600EC016101163E01032E1CA901B09905302B0061011E3E01022E0CA88AA901390C003E0100A809A08167057100E0A189A1823C8700A989B0996C517311008308A089A989B0996C517311018308A081A989B0996C517311088308A009A989B0996C517311098308E3013E0400A881754E80501E755E8018B40178018401097541FE5101108401A881581E752E20755E2018B40178118401097541FD5101108401EC01581E752E10755E1040
:FF93410018B40178218401097541FB5101108401EC01754E80501E755E801A754180550110840108B40175217F8401EC01581E752E20755E2018B40978018409097541FE5101118409A889581E641E611E18B40178318401097541F75101108401A889581E642E612E18B40178418401097541EF5101108401A889581E644E614E18B40178518401097541DF5101108401A889581E648E618E18B40178618401097541BF5101108401EC01581E644E614E18B40978118409097541FD5101118409EC01581E648E618E18B40978218409097541FB5101118409EC01581E642E612E18B40978318409097541F75101118409EC01581E641E611E18B409784184090975415E
:FF944000EF5101118409A881581E752E40755E4018B40978518409097541DF5101118409A809754E80501E755E8018B40978618409097541BF5101118409A809581E752E20755E201A754180550111840908B40975217F8409A809581E648E618E18B48178018481097541FE5101128481A809581E641E611E18B48178118481097541FD5101128481A809581E642E612E18B48178218481097541FB5101128481A809581E644E614E18B48178318481097541F75101128481A981E10104EC01754EFD501EC31EEC01754EEF501EC31EEC01C41017A989B099FBE2CA5D0000FECE1E615E1AA9896622397C17670867087100E8A109848AA909610116B48961011DF80694
:FF953F00010CF80600EC016101163E01032E1FA909B0990584280061011E3E01022E0FB48AA909390F00A081E5000201A809A08967067100D4A281C702273E07003C8B003E0500AA81B0996C517311098308A101AA81B0996C517311008308A089AA81B0996C517311018308A081AA8139111CAA8139581EA889754E80501E755E8012A889754E80541EC31E667EFC310E27200E754E38FC310E271DF806010CF80600EC0161015901273A3901641161112160A881754E80501E755E80210C3E0705E500070138D501AA8139531CF90A05E8032E2B581E642E612E210C3E0706E500070138B701A909610111A9096011A1092E0C3E0705E500070138A001A901581E6419
:FF963E004E614EA90121CD754EFB501EC31E590127644161412160A881754E80501E755E80200C3E0708E5000701386E01AA8139311CF90A05E8032E2B581E642E612E210C3E0706E5000701385001A909610111A9096011A1092E0C3E0705E5000701383901A901581E644E614EA90121CD754EFB501EC31E590127642161213B0E01A881754E80501E755E80200C3E0708E5000701380601AA81390E1CF90A05E8032E2B581E642E612E210C3E0706E500070138E800A909610111A9096011A1092E0C3E0705E500070138D100A901581E648E618EA90121CD754EF7501EC31E38AD00FD74C118200E754E27FC310E271DF806010CF80600EC016101590127205E6462
:FF973D00816181210EA889581E782E762EEF00C31E5901277521107551102171A889581E785EC31EF90A05E8032E24A909610111A9096011A1092E17A889581E783E762EEF00C31E3E0705E50007012E4EA889581E752E20755E2020D42E327C51200E754E1FFC310E271DF806010CF80600EC0161012016AA81661239EC14AA816602395214AA813981160C3E0703A889C4101BAA8139AC1CE5000701A809A201670B60C0A08161011EF806032E22A881B09905EA250061011EF806022E12A881B09905122600A881390C00F80600EC01A00967036040E3016602398D14EC01394816EC01B099051D2500EC01B0990531260067016080F80E000003EC01A0096702607A
:FF983C00C0A08161011DF8060308A881390B00E301EC01A00967037100E4A181B0996C517311098308A101A981B0996C517311078308A089A981391B15A081A881610110E500020138EB04A981B099FBE2488F0000FE61EE610E3AD204A981B099FBE2488F0000FE61E1A98239CD04A081A8816101A9813BAF04B0996C41FB224C8F00004B12A8A161A1A9813B5201B0996C41FBE24C8F00004B1EECEE611E2015A981B0996C41FB224C8F00004B12A82961111DF806010CF80600EC0161012115A981B0996C41FBE24C8F00004B1EECEE612E1DF806010CF80600EC0161012115A981B0996C41FB224C8F00004B12A82961211DF806010CF80600EC0161012115A981D4
:FF993B00B0996C41FBE24C8F00004B1EECEE613E1DF806010CF80600EC0161012115A981B0996C41FB224C8F00004B12A82961311DF806010CF80600EC0161012034A981B099FBE2408F0000FE61E16662391913A981B099FBE2388F0000FE61EE610E2011A981B099FBE2388F0000FE61EE7F1EA981B0996C41FBE24C8F00004B1EECEE615E2015A981B0996C41FBE24C8F00004B1EECEE616E1DF806010CF80600EC0161013A8A03A981B099FBE2448F0000FE61E1666239B212A981B099FBE23C8F0000FE61EE610E3A6603A981B099FBE23C8F0000FE61EE7F1E385403B0996C41FB224C8F00004B12A8A161811EA901F41315F806010CF80600EC0161011EA88954
:FF9A3A00F41315F806010CF80600EC0161013B1F03A901581E642E612E3B7D00A981B0996C41FBE24C8F00004B1EECEE614E2015A981B0996C41FBE24C8F00004B1EECEE615E1DF806010CF80600EC0161012115A981B0996C41FBE24C8F00004B1EECEE616E1DF806010CF80600EC0161012014A981B099FBE2448F0000FE61E1662239E811A981B099FBE2408F0000FE61E1665239D6112E1AA901581E752E10755E10A9811F663239C2110E662239BC11A981B0996C41FBE24C8F00004B1EECEE611E2015A981B0996C41FB224C8F00004B12A82961111DF806010CF80600EC0161012115A981B0996C41FBE24C8F00004B1EECEE612E1DF806010CF80600EC016121
:FF9B3900012115A981B0996C41FB224C8F00004B12A82961211DF806010CF80600EC0161012115A981B0996C41FBE24C8F00004B1EECEE613E1DF806010CF80600EC0161012115A981B0996C41FB224C8F00004B12A82961311DF806010CF80600EC0161012022A981B099FBE2388F0000FE61EE610E2011A981B099FBE2388F0000FE61EE7F1EA981B0996C41FBE24C8F00004B1EECEE615E2015A981B0996C41FBE24C8F00004B1EECEE616E1DF806010CF80600EC0161012022A981B099FBE23C8F0000FE61EE610E2011A981B099FBE23C8F0000FE61EE7F1EA981B0996C41FBE24C8F00004B1EECEE614E2015A981B0996C41FB224C8F00004B12A82961411DF8D1
:FF9C380006010CF80600EC016101A9813A0001660239FE0FA981664239F70FA9816622391C10A981B099FBE2448F0000FE61E1A919740100000010201CA981B099FBE2448F0000FE61E1A91174010000001015F806010CF80600EC016101A9812016B099FBE2448F0000FE61E17542A039291538C000B099FBE2448F0000FE61E1A919740100000010201CA981B099FBE2448F0000FE61E1A9117401000000101DF806010CF80600EC016101A9812015B099FBE2448F0000FE61E175428039DB142E72B099FBE2448F0000FE61E1A919740100000010211CA981B099FBE2448F0000FE61E1A91174010000001015F806010CF80600EC016101203AA981B099FBE2448F8B
:FF9D37000000FE61E1754220398E142E25660239010FA981661239260FA889F81400A889581E610E21FA0A667239410F0C3E0208E5000201A809A10967077100E4A181A10AB0A96C41FBE24C8F00004B1EE5E00201A80961A12A0CA98161A12A06F806010CF80600EC016101204EA809751158FB22580CF8FF4B12A9816C314B12A82961012031A809751158FB22580CF8FF4B12A9816C314B12E5200102A909B099FBE2488F0000660FFE21EFA909A8827F12A089083E03080C3E0308A889A10167076080A009394810F80600660167027100E4A181B0996C517311078308A081A981B0996C517311098308A009A98139D0138389B38961011F3E0405384401A809755C
:FF9E36004EF7501EC31EA809F4121EA809F41315F806010CF80600EC01610121EBA9816632391C0EA881754EFD501EC31EA881C4100EA981B0996C41FB224C8F00004B12A8296141A9813BEA00B099FBE2448F0000FE61E1A919740100000010201CA981B099FBE2448F0000FE61E1A91174010000001015F806010CF80600EC016101A9812016B099FBE2448F0000FE61E17542B639061338A200B099FBE2448F0000FE61E1A919740100000010201CA981B099FBE2448F0000FE61E1A9117401000000101DF806010CF80600EC016101A9812015B099FBE2448F0000FE61E175429639B8122E54B099FBE2448F0000FE61E1A919740100000010211CA981B099FBE2AD
:FF9F3500448F0000FE61E1A91174010000001015F806010CF80600EC016101201CA981B099FBE2448F0000FE61E1754236396B120F754216396412A98139EB123E0400A901A10967077100D8A2093E0700AA09B0996C517311008308A089AA09B0996C517311098308A081AA09B0996C41FBE24C8F00004B1EECEE611E200C612E3AD202613E3BEE03AA09B0996C41FB224C8F00004B12A8A961613A8B0260116111250538A902AA09A991740100000010AA093B52016682398A0CAA09B0996C41FB224C8F00004B12A8296141AA093BEA00B099FBE2448F0000FE61E1A919740100000010201CAA09B099FBE2448F0000FE61E1A91174010000001015F806010CF806EA
:FFA0340000EC016101AA092016B099FBE2448F0000FE61E17542BA39821138A200B099FBE2448F0000FE61E1A919740100000010201CAA09B099FBE2448F0000FE61E1A9117401000000101DF806010CF80600EC016101AA092015B099FBE2448F0000FE61E175429A3934112E54B099FBE2448F0000FE61E1A919740100000010211CAA09B099FBE2448F0000FE61E1A91174010000001015F806010CF80600EC016101201CAA09B099FBE2448F0000FE61E175423A39E7100F75421A39E0103C8300F90A05E8032E14A889581E642E612E143C8301A9096011A109B48961011AA909610115F806010CF80600EC01610121D9B48961011F3E0108388102AA0939B3112F
:FFA13300387502A99158116C118689F1081BAA096642392E0BAA09B0996C41FB224C8F00004B12A8296141AA093BEA00B099FBE2448F0000FE61E1A919740100000010201CAA09B099FBE2448F0000FE61E1A91174010000001015F806010CF80600EC016101AA092016B099FBE2448F0000FE61E17542F239261038A200B099FBE2448F0000FE61E1A919740100000010201CAA09B099FBE2448F0000FE61E1A9117401000000101DF806010CF80600EC016101AA092015B099FBE2448F0000FE61E17542D239D80F2E54B099FBE2448F0000FE61E1A919740100000010211CAA09B099FBE2448F0000FE61E1A91174010000001015F806010CF80600EC016101201C84
:FFA23200AA09B099FBE2448F0000FE61E1754272398B0F0F75425239840FAA0971021B39D710385401AA09A99158116C118689F1001BAA096652390B0AAA09754232395D0FAA0971021B39B010382D013E0708382701AA09A99158116C118689F1001BAA09665239DE09AA09B0996C41FB224C8F00004B12A8296141AA093BEA00B099FBE2448F0000FE61E1A919740100000010201CAA09B099FBE2448F0000FE61E1A91174010000001015F806010CF80600EC016101AA092016B099FBE2448F0000FE61E17542B239D60E38A200B099FBE2448F0000FE61E1A919740100000010201CAA09B099FBE2448F0000FE61E1A9117401000000101DF806010CF80600EC01AC
:FFA331006101AA092015B099FBE2448F0000FE61E17542B239880E2E54B099FBE2448F0000FE61E1A919740100000010211CAA09B099FBE2448F0000FE61E1A91174010000001015F806010CF80600EC016101201CAA09B099FBE2448F0000FE61E1754232393B0E0F75423239340EAA0971021B39870F0C3E0708E5000701A809A201670A7100ECA1013E02003C0700A901B0996C41FBE24C8F00004B1EECEE613E3A3201612E3AFB00611E3B9D01A901A9197401000000102011A901A91174010000001015F806010CF80600EC016101A90120376662396F08A90175425239C10DA901A8996101201CA901A91A390D0FA901A89A6012A09AA901A91A6212A11A384B88
:FFA43000013E0208384501A9197401000000102111A901A91174010000001015F806010CF80600EC016101A90120376662391608A90175425239680DA901A8916101201CA901A91239B40EA901A8926012A092A901A9126212A11238F2003E020838EC00A9197401000000102111A901A9117401000000101DF806010CF80600EC0161012019A901668239BD07A90175421A390F0DA90139200E38B3003E020838AD00A901667239A007A90175423239F20CA901A89161212407A90139840EA901A89161112407A901399A0EA901395A0E81892E7AA901B0996C41FB224C8F00004B12A8A16151202E6141215BA9016662395607A90175425239A80CA901A91A39FC0D07
:FFA52F00A901A89A6012A09AA901A91A6212A11A2E3AA9016672392E07A90175423239800CA901A89161212407A90139120EA901A89161112407A90139280EA90139E80D8189083E02080C3E0208A881A08967057100E4A181B0996C517311098308A101A981B0996C517311018308A0893C0B00FBE25828F8FFC4E00AA901754EF7501EC31EA901F41321FCA981A9197401000000102011A981A91174010000001015F806010CF80600EC016101A981117542B839EE0B2E56A9197401000000102011A981A9117401000000101DF806010CF80600EC016101A9811175429839C30B2E2BA9197401000000102111A981A91174010000001015F806010CF80600EC016109
:FFA62E000111A98175422839980BA889F415A981212A6672393106A981A89161212407A981391D0DA981A89161112407A98139330DA98139F30C82892E3D6662390906A981A8996101A9812028A9197401000000101E3E01082E23A981A91A399F0CA981A89A6012A09AA981A91A6212A11A0F71020A39880C3E0100A809A10967077100F0A0893E0100FBE25928F8FFC4E003A889B0996C41FBE24C8F00004B1EECEE615E3AB500613E2079611E3BEA00A889A9197401000000102024A889A8996101201CA889A91A39350CA889A89A6012A09AA889A91A6212A11A38BF00A889A9117401000000102024A889A8916101201CA889A91239070CA889A8926012A092A8E6
:FFA72D0089A9126212A112389100A8896682393805A88975421A398A0AA889399B0B2E7AA889A8996101A889201BA88AA92A39CD0BA889A89A6012A09AA889A91A6212A11A2E576632390105A88975421639530AA889391F0B2E43A889A919740100000010A889202BA8996101A889201BA88AA92A398A0BA889A89A6012A09AA889A91A6212A11A2E1471020339720B2E0C710203396A0B0C3E0108A809A08167047EA660C0A0813C0300A881A89161312407A881398E0BA881A89161212407A88139A40BA881A8916111A8812458B0996C41FBE24C8F00004B1EECEE616E2016A8816682396504A88175421A39B709A88139C80AA881A8916101A881201CA916A881AA
:FFA82C0039280BC361A881A8926012A092A881A9126212A1120E39120B8089A88139820B2E1BA916A88139020BC361A881A8926012A092A881A9126212A1123E010066013F66047100E8A1093E03003C0B00A909B0996C517311068308A009A909396A098289B28961011E3E03052E28A909B099FBE2CA5D0000FECE1E616E1C3E0307A909B099FBE2CA5D0000FECE1E615E1C3E0306A909B0996C41FBE24C8F00004B1EECEE615E2015A909B0996C41FBE24C8F00004B1EECEE616E1DF806010CF80600EC01610112A809754EF8501EC31EA889A101670660C0A081B0996C41FBE24C8F00004B1EECEE611E2015A881B0996C41FBE24C8F00004B1EECEE612E1DF80616
:FFA92B00010CF80600EC0161012115A881B0996C41FBE24C8F00004B1EECEE613E1DF806010CF80600EC016101A8813AA701B0996C41FB224C8F00004B12A82961112015A881B0996C41FB224C8F00004B12A82961211DF806010CF80600EC0161012115A881B0996C41FB224C8F00004B12A82961311DF806010CF80600EC0161012115A881B0996C41FB224C8F00004B12A82961011DF806010CF80600EC016101A8812011668239A402A881668239F707385001B0996C41FB224C8F00004B12A82961413B3D01A881B099FBE2448F0000FE61E16642391002A881B099FBE2448F0000FE61E16692396302A881B099FBE2448F0000FE61E1A919740100000010201C36
:FFAA2A00A881B099FBE2448F0000FE61E1A91174010000001015F806010CF80600EC016101A8812016B099FBE2448F0000FE61E17542B839700738C900B099FBE2448F0000FE61E1A919740100000010201CA881B099FBE2448F0000FE61E1A9117401000000101DF806010CF80600EC016101A8812015B099FBE2448F0000FE61E17542983922072E7BB099FBE2448F0000FE61E1A919740100000010211CA881B099FBE2448F0000FE61E1A91174010000001015F806010CF80600EC0161012043A881B099FBE2448F0000FE61E175422839D5062E2EB0996C41FBE24C8F00004B1EECEE615E2015A881B0996C41FBE24C8F00004B1EECEE616E1DF806010CF80600D1
:FFAB29003E0100660167036080A00966A2393D01F80600660167027100ECA101B0996C517311018308A0813C0700A9016682391C01A881581E752E40755E40A901210D66A2396306A9013974070E6682395806A901B0996C41FBE24C8F00004B1EECEE612E2015A901B0996C41FBE24C8F00004B1EECEE613E1DF806010CF80600EC0161012115A901B0996C41FBE24C8F00004B1EECEE615E1DF806010CF80600EC0161012115A901B0996C41FBE24C8F00004B1EECEE616E1DF806010CF80600EC01610110A90139670781893E0300660167056080A009399A03A8096622396F00F806006601670260C0A081A00AA881C5100303B089FBE2488F0000660FFE21EFB020
:FFAC2800896C41FBE24C8F00004B1EE4EE01B0896C41FBE24C8F00004B1EE10E01670360C0A081A00AA881C5100303B0896C41FBE24C8F00004B1EE4EE01B0896C41FBE24C8F00004B1EE10E01670360C0A081A00AA881C5100303B0896C41FBE24C8F00004B1EE5EE0203B0896C41FB224C8F00004B12E502010267036080A009808AFBE2CA5D0000A809491E03C10E03B089A80A80A167027100ECA101B0996C517311018308A081A901B099FBE2CA5D0000FECE1E616E3A920071EFFF613F2317614E3A8100615E3A8500610E3B84003E0104388100A901B091610110A901B09161111DF806010CF80600EC01610118A901B09161211DF806010CF80600EC016101FC
:FFAD270018A901B09161311DF806010CF80600EC016101163E01002E3BA901B09161411E3E01052E2FA901B09161611E3E01072E23A901B09161511E3E01062E173E01082E123E01052E0D3E0107083E01060C3E0108A881754E80501E755E801C3E0105A809A08967057100F0A089B099FBE2CA5D0000FECE1E616E3A920071EFFF613F2316614E2018615E3A8600610E3B85003E01043882003E0108387C00A889B091610110A889B09161111DF806010CF80600EC01610118A889B09161211DF806010CF80600EC01610118A889B09161311DF806010CF80600EC016101163E01082E36A889B09161411E3E01002E2AA889B09161611E3E01072E1EA889B0916151B1
:FFAE26001E3E01062E123E01082E0D3E0107083E01060C3E0108A809A08167046040E301393C00EC01393006EC0166123921FEEC01395403EC0139AC0567016040E30139EA05EC01660239A2FDEC0166023900FEEC01394403EC01398B0567017100CCA301F9042F00AB01B0996C517311008308A281AB01B0996C5173110A8308A209AB01B0996C5173110B8308A201AB01B0996C5173110C8308A189AB01B0996C5173110D8308A181AB01B0996C5173110E8308A109AB01B0996C5173110F8308A101AB01B0996C517311068308A089AB01B0996C517311038308A081AB01B0996C517311048308A009AB01B0996C517311058308E301AB01393305AA81754E8054B3
:FFAF25001EC31EAA09F81400AA01F81400A989F81400A981F81400A909F81400A901F81400A889F81400A889C4102FAB01A80AB099FBE20704F8FFFECE1EC32EAB01EC02B099FBE20804F8FFFECE1EC32EEC01C4102FAB01396602AB01A882B099FBE20604F8FFFECE1EC32EAB01B09905041000670D7100DCA2013C8F00AA01B0996C5173110A8308A181AA01B0996C5173110B8308A109AA01B0996C5173110C8308A101AA01B0996C5173110D8308A089AA01B0996C5173110E8308A081AA01B0996C5173110F8308A009AA01B0996C517311068308E301AA01393004AA01B099FBE20204F8FFFECE1E611E2124AA01A982B099FBE2D406F8FFFE51EE6C1EC32EA976
:FFB0240009F81400EC01581E780EC31E2E4FAA01B099FBE20204F8FFFECE1E612E2135AA01A982B099FBE2D406F8FFFED1EEC32EAA01A90AB099FBE2D406F8FFFED1EE762E0003687E780EC32EEC01581E780EC31E0AEC01754EFE501EC31EAA01B099FBE20304F8FFFECE1E611E2124AA01A902B099FBE2D606F8FFFE51EE6C1EC32EA889F81400EC01581E781EC31E2E4FAA01B099FBE20304F8FFFECE1E612E2135AA01A902B099FBE2D606F8FFFED1EEC32EAA01A88AB099FBE2D606F8FFFED1EE762E0003687E780EC32EEC01581E781EC31E0AEC01754EFD501EC31EAA01B099FBE20404F8FFFECE1E611E2124AA01A882B099FBE2D806F8FFFE51EE6C1EC32EA2
:FFB12300A809F81400EC01581E782EC31E2E4FAA01B099FBE20404F8FFFECE1E612E2135AA01A882B099FBE2D806F8FFFED1EEC32EAA01A80AB099FBE2D806F8FFFED1EE762E0003687E780EC32EEC01581E782EC31E0AEC01754EFB501EC31EAA01B099FBE20504F8FFFECE1E611EEC0118581E783EC31E08754EF7501EC31EEC01C4101FAA0139620267096040E30139CC02EC01B099057B0D0067016040E301B09905D30D00EC0139B30267016080A009808AA809B099B08A05350D0067026040E301B09AFBE2D206F8FFFED2E239370367017100E4A1813E0400A981B0996C517311008308A089A981B0996C517311018308A081F90A04E8032E2EA881754E80503B
:FFB222001E755E80200FA889581E643E613E1DF806010CF80600EC016101163C07012E11A9016011A101A901610121D03C0700C5000717B58967077100F0A0893C0B00A889B0996C517311098308A009A889B0996C517311018308E301A809581E644E682E610E12A809754EFB501EC31EEC01581E781EC31EEC01C4100B67047100F0A0893C0B00A889B0996C517311098308A009A889B0996C517311018308E301A809581E644E682E610E12A809754EFB501EC31EEC01581E782EC31EEC01C4100B67047100F0A0893C0B00A889B0996C517311098308A009A889B0996C517311018308E301A809581E648E683E610E12A809754EF7501EC31EEC01581E783EC31EAD
:FFB32100EC01C4100B67047100F0A089A0823C0700A889B0996C517311128308E301A889B09905930B00A881EC02C012EC01C41007670460C0A081B0996C517311138308E301EC01C41007B189670360C0A0813C0700A881B0996C517311048308E301EC01581E786EC31EEC01C41007670360C0A0813C0700A881B0996C517311048308E301EC01581E785EC31EEC01581E784EC31EEC01581E783EC31EEC01754EEF501EC31EEC01C41007670360C0A0813C0700A881B0996C517311048308E301EC01581E784EC31EEC01581E783EC31EEC01754EEF501EC31EEC01754EBF501EC31EEC01C41007670360C0A0813C0700A881B0996C517311008308E301EC01754E09
:FFB42000BF501EC31EEC01C41007670360C0A0813C0700A881B0996C517311008308E301EC01581E786EC31EEC01C41007670360C0A0813C0700A881B0996C517311008308E301EC01581E752E7FC31EEC01581E786EC31EEC01C4100767037100ECA1013C0F003C0E00A901B0996C517311008308A081A901B0996C517311078308A009A901B09905F209006111200DA901B09905060A0061111DF806010CF80600EC0161012061A881754E80501E755E8021283C0F01A881581E786EC31EA881581E752E40755E4021F6A881581E752E7FC31EA881F41721FCA809F81400A809581E610E21FAA901B09905EB0900A901B09905C70900B3896111210C3C0F00A90139AC
:FFB51F0064F9670567057100A0A589D7022DAD89B0996C517311028308A489AD89B0996C517311048308A481AD89B0996C517311108308A409AD89B0996C517311118308A401AD89B0996C517311058308A389FBE25A28F8FFC4E033C5E00134C5E00235C5E00336C5E00437C5E00538C5E00639C5E0073A5D012D7611E803FC4711A28105570A00A2895D012D760191012912F9020459D90034F9020359D900342E285D012D7551652912F90204B00FA134F90203B00FA1342E10F90204BD378635F90203B00FA134AA81FC8B11FB220000803FFC9312A20AE50009085D012D760191012948A889FD7221BD370635FC8501092927F90209BD370635E5000A07FB120084
:FFB61E0000803FFC910107FC810109FC810104FC810103A2012E72AA09FC810103A209AA01FC810104A2012E605D012D7551652948A889FD7221A97BAE35FC8501092927F90209A97BAE35E5000A07FB120000803FFC910107FC810109FC810104FC810103A2012E24AA09FC810103A209AA01FC810104A2012E12AA09FC810103A209AA01FC810104A201F9020600007F43A9813C0B00B2892E3DE5000906B289618129083E0108388601E5000605710E33A909B28AFECE2EFC47EEFC910E0BFC93E1A181A981FD72210000003FA181B28962118289FBE200000042FC850E0627BBAC8975428F5012C70253C500533B59013BAC8AB28B60136C435731C321AC8158118F
:FFB71D00643162118281AB89581E752E20755E20214DB28161012B16B28162116C11FC471EA981FC87E12606F806010CF80600EC016101200DB28162116C11FC4711A181AC09A982FD7222000080BFFC450E0AFC83E2FCA72E763EE000C31E2E16AC09A982FD7222000080BFFCA72E763EE000C31EE5000806E5000605A909710E33490E0BFBF6FFFECEFEFC47EEFC910E0BFC93E1A181A981FD72210000003FFCA71E5BEEFC47E1A181A981FD72110000803F2609F902060000803FAB89581E752E20755E20214DB28161012B16B28162116C11FC471EA981FC87E12606F806010CF80600EC016101200DB28162116C11FC4711A181AC01A982FD7222000080BFFC45E2
:FFB81C000E0AFC83E2FCA72E763EE000C31E2E16AC01A982FD7222000080BFFCA72E763EE000C31EAC01C410533E0100A809A50967186080FBEE098308F4E0200EFBEE078308F4E015F806010CF80600EC016101201BFBEE078308F0E8FBEE078308F4E021F9FBE2488F0000F8E60AFBEE098308F4E1200EFBEE078308F4E115F806010CF80600EC0161012034FBEE078308F0E9FBEE078308F4E121F9FBE2488F0000F8E608FB124C8F0000A8196141210FFBE2448F0000ECE1664239CDF3FBEE098308F4E3200EFBEE078308F4E315F806010CF80600EC0161013AA500FBE24C8F0000ECEE614E200DFBE24C8F0000ECEE615E1DF806010CF80600EC016101210DFB9E
:FFB91B00E24C8F0000ECEE616E1DF806010CF80600EC016101200FFBE2448F0000ECE166823937F3FBEE078308F0EBFBEE048308F0EDFBEE048308F0E4FBEE048308F0EBFBEE048308F0ECFBEE048308F4E519FBEE048308F4E315F806010CF80600EC01610121E5FBEE098308F0EBFBEE098308F4E321F9FBE2488F0000F8E607FBEE098308F4E4200EFBEE078308F4E415F806010CF80600EC016101206EFBEE078308F0ECFBEE078308F0EEFBEE078308F0EFFBEE078308F0EDFBEE078308F4E62111754EFFFBFE07830850FE687E610E15F806010CF80600EC01610119FBEE078308F4E515F806010CF80600EC01610121C9FBEE018308F4E51F660105DD0400FBA2
:FFBA1A00E2488F0000F8E609FBEE098308F4E2200EFBEE078308F4E215F806010CF80600EC0161012036FBEE078308F0EAFBEE098308F0EAFBEE098308F4E219FBEE078308F4E215F806010CF80600EC01610121E5FBE2488F0000F8E603FBE24C8F0000ECEE71EFFC613F2312601E612E241CFBE2408F0000E4E0010AFBE2448F0000E4E001A809399DDD670267026080FBEE018308C4E007B189752140755140200FB1897521207551201DF806010CF80600EC016101206CFB124C8F0000A8916191210FFBE2448F0000ECE16662398EF1FBE24C8F0000ECEE614E1AFBE24C8F0000F8E605FB124C8F0000A8916161201D61212122FBE2448F0000ECE16642398BF140
:FFBB1900FBE2488F0000F8E6040AFBE2488F0000F8E605FBE2448F0000ECE13907DD670267026040FB124C8F0000A8916191210FFBE2448F0000ECE166223920F1FBE24C8F0000ECEE614E1AFBE24C8F0000F8E606FB124C8F0000A8916121210FFBE2448F0000ECE166423921F1FBE24C8F0000ECEE616E2011602E611E2423FBE2408F0000E0E009FBE2448F0000E0E0FBE2488F0000F8E606EC01398ADC67016701FBEE098308F0EEFBEE098308F4E621F9FB124C8F0000A89161612012604161112415FBE2488F0000F8E6040AFBE2488F0000F8E605FBE2408F0000ECE13946DC027100F083893C0E003E02003E01003C03003C0200B389610121573C03013C02DE
:FFBC180006B0897311C0C008A081B089773100C008A009A881B082581EFC67E2C31EA809C0113C03013C0207B0897311C0C008A081B089773100C008A009A881B082581EFC67E2C31EA809C011A809C4100E670467047100F083893C0E003E02003E01003C03003C0200B38961013BB9003C03013C0206B089731160C008A081A881B082581EFC67E2C31E3C03013C0207B089731160C008A081A881B082581EFC67E2C31E6641059CAEFF3C03013C0206B0896C31490102731140C108A009A809F8140F3C03013C0207B0896C31490102731140C108A009A809F8140F664105E2ADFF3C03013C0206B089731160C008A081661EB081FD621EA881541EC31EA881C410DA
:FFBD17000E3C03013C0207B089731160C008A081661EB081FD621EA881541EC31EA881C4100E670467047100F083893C0E003E02003E01003C03003C0200B389610121743C03013C0206B089731160C008A081A881B082581EFC67E2C31E3C03013C0207B089731160C008A081A881B082581EFC67E2C31E664105CAADFF3C03013C0206B0896C31490102731140C108A009A809F814003C03013C0207B0896C31490102731140C108A009A809F8140066410510ADFFFBEE1FC10858E1687183816704604080893C0100B08961011D3C01010C3C0100C5000102B0816701604080893C0100B08961011A75412D05B0B2FF8009C5000102B081670160408089B089610175
:FFBE16001A75412D05AFB2FF67016701608081896611052FADFFB18961012121EF03664266E1050EAFFFFBEE140008ECEF7B5FE3EFEF03663266E105F9AEFF66110582ACFF670260808189661105F8ACFFB18961012121EF03664266E105D7AEFFFBEE140008ECEF795FE3EFEF03663266E105C2AEFF6611054BACFF6702604080896701604080893C0100B0896101210DFBEEF8700858E164118009C5000102B0816701604080893C0100B0896101210DFBEEF7700858E164118009C5000102B081670160408089B08961012112FBEEF87008F0E8FBEEF8700858EE6701670160408089B08961012112FBEEF77008F0E8FBEEF7700858EE670167016040808980823CC2
:FFBF15000100B08961012114FBEE078308C10E02FBEE078308C4E00167016701604080893C0200B08961012157FBEE1E7208F0E6FBEE1E7208F0E7FBEE1E7208F1E001FBEE1E7208F1E101FBEE1E7208FAE4D80101FBEE1E7208FAE4D90101FBEE1E7208FAE4DA0101FBEE1E7208FAE4DB0101FB1E1E7208B01968116411808167016701604080893C0200B08961012154FBEE1E7208F0EEFBEE1E7208F0EFFBEE1E7208F1E801FBEE1E7208F1E901FBEE1E7208FAE4D80100FBEE1E7208FAE4D90100FBEE1E7208FAE4DA0100FBEE1E7208FAE4DB0100FBEE1E7208C6E0DB0102670167016040F80260FECD4BFB1260FECD4B67016EEF6E150544F8FF6F156FEF7F9574
:FFC014006EEF6E15058DFAFF6F156FEF7F956EEF6E150515FBFF6F156FEF7F956EEF6E150584FBFF6F156FEF7F957100D8A20BC70123A18AA184E5000B0559012363B1FB228B5E00004B12A08A3C0B0059012361012B083E010138F101A989610116A90961011DF806010CF80600EC016101173E010738D5015901236C31FB225C8F00004B12B0A161111F3E010338BD0159012371112E0509B0FF8289B28961011F3E010838A601590123660239FC095901236101210C59012366A239410A2E0303590123660239930AA989A89259012339DA086101590123210F71112E05DBAFFF3E0106386601FBE2B8900000FE61E1A88AB0A27522338092FBE2B8900000590123B1
:FFC11300FE61E1A88AB02A64F2801AFBE2B8900000590123FE61EEA889C51E040AFBE2B8900000590123FE61E13C1B20FBE2B8900000590123FE61E1A88AB1A264728312FBE2B8900000590123FE61E1A88AB1AA6472831AFBE2B8900000590123FE61E1A88AB22264728392FBE2B8900000590123FE61E1A88AB22A75221F839AFBE2B8900000590123FE61E15902249A137A13642257239213A989A8196181A889581E1E783EC31E0F762EF700C31EA989EC1E750EFEA889581E18762EFE00C31E0D780EC31EFBE2B8900000590123FE61EEA889C01EFBE2B8900000590123FE61EE58EE610E2103035901236C31FB225C8F00004B123C22015901236C31FB225C8F05
:FFC2120000004B12E5020601590123FDC31EFBF25C8F0000FE0FE15901236C31FBE25C8F00004B1EA909E31E59012371112E0589AEFF59012375111CFBE2BC9000004B1EA989E51E03063E0100A809A101670A7100D4A281A20AA2033C8300AA81C410123C0B00AA816101201DAA016101210FAA0174010000001015F806010CF80600EC01610115F806010CF80600EC016101173E0107381D02B4816C31FB225C8F00004B12B0A1610115F806000CF80601EC016101173E010238FA01B48171112E05E0ADFF8289B28961011AAA09612115F806010CF80600EC016101173E010838D301AA0961413A9A0161213A820061313A160161113BA301E5000806FBE2B89000FA
:FFC3110000B481FE61EEC4E013FBE2B8900000B481FE61EE754F9F510F13C3EFFBE2B8900000B481FE61EE58EE610E210303A981EC12B4813976066101B481210F71112E0578ADFF3E0106386A01FBE2B8900000FE61EEC10E13FBE2B8900000B481FE61EE58EE610E3B400103383C01B481660239E907FBE2B8900000B481FE61EEF0EEFBE2B8900000B481FE61EEF4E6210303B4816C31FB225C8F00004B12A8297401000000102017B4816C31FB225C8F00004B12A829610115F806010CF80600EC0161013AE300B4816C31FBE2D89000004B1EFBF25C8F00004B1FE3EFB4816C31FB22D89000004B123E2101B4826C32FB125C8F00004B21A81BFB12D89000004BF6
:FFC41000217F1338A300E5000805FBE2B8900000B481FE61E1A90AB0A264728312FBE2B8900000B481FE61E1A90AB12A75221F839AFBE2B8900000B481FE61E1A90AB12264728392FBE2B8900000B481FE61E1A90AB02A7522338092FBE2B8900000B481FE61E1A90AB0AA6472831AFBE2B8900000B481FE61E1A90A582264F2801A2E28E5000803B48175111CFBE2BC9000004B1EA889E41E062E10B48171112E051CACFF3E01042E0EB48171112E050EACFF3E0100A809A189670B7100E0A18AA181A10B920CA981610116A90961011DF806010CF80600EC016101163E01072E1EA98A9A0BA90CA9816080D3033E0102660339B6006280A081E5000201A809A0896757
:FFC50F00087100E0A18AA181A10B920CA981610116A90961011DF806010CF80600EC016101163E01072E1EA98A9A0CA90BA9816080D3043E01016604396E006280A081E5000201A809A08967087100DCA202A189A183A10CD5001409A989610116A98161011DF806010CF80600EC0161011EA90961011DF806010CF80600EC016101163E01072E1EAA029A0DA90CA983A9896080D3053E01033911006280A081E5000201A809A08967097EA67100D8A20AA201A18BA184D500180BE5000D04AA01C4100B3C0A00B2896C31FB225C8F00004B12B0A1610115F806000CF80601EC016101173E010238FC01B28971112E05B6AAFF8281B28161011F3E010838E601B28966FE
:FFC60E0002395B05B28975111CFB22BC9000004B12D5020B06B28975111CFB22BC9000004B123D2400B28975111CFB22BC9000004B123D2500AA09B28E393B0475161CFB22BC9000004B6283A1B28975111CFBE2BC9000004B1EE10E07B28975111CFB22BC9000004B12E5020601B28975111CFB22BC9000004B12E5020405B28975111CFB22BC9000004B12A9A161112014B28975111CFB22BC9000004B12A9A161211DF806010CF80600EC016101B2892027FBE2B8900000B28AFE62EE62BE75111CFB22BC9000004B12B3A161411DF0E52E12F0ED2E0EFBE2B8900000FE61EEF1E50BB28975111CFB22BC9000004B12A9017C01153CA0010C3CA000B28975111CFBE9
:FFC70D0022BC9000004B123C2F002E0303FBE2B8900000B289FE61EEF5E10321F1FBE2B8900000B289FE61E1D5011208FBE2B8900000B289FE61EEF4E3212DFBE2B8900000B289FE61E19A12780292122E1AB289FBE2B8900000FE61EE6C21FBF2648F00004B1FE1EF01FBE2B8900000B289FE61EE754FFF51EF03687F611F20D30C3C13A0FBE2B8900000B289FE61EF75451DFC31F503B289FE61E121E6F11A0FFBE2B8900000B289FE61EEF5E20F210303B289397E03B289661239A603FBE2B8900000B289FE61EE754FF054EFC3EFFBE2B8900000B289FE61EE58EE610E2103033E0100A809A0893F660B7100F0A089C41007A88961011EF806072E23B1896101215F
:FFC80C001A75412E0528A4FFFBEE2E7008F0E8FBEE2E7008F4E0210303F80600EC01A08167047100F0A089C41007A88961011EF806072E23B1896101211A75412D05EFA3FFFBEE2D7008F0E8FBEE2D7008F4E0210303F80600EC01A08167047100F0A089C41007A88961011EF806072E17FBE2B8900000B189FE61EE754FDF50EFC3EFF80600EC01A08167047100F0A089C41007A88961011EF806072E20FBE2B8900000B189FE61EE754FBF50EFC3EFB18971112E050CA8FFF80600EC01A081670460808189E302FBE2B8900000B189FE61EE624EE32E670260C08289F80600B28961012013612110611119F8060508F806050CF80605EC01A00967037100E8A109A1A0
:FFC90B00023E0200A909C41007A90961011EF806072E27B18939C1FFA081A881610116F806052E16A90161011EF806052E0CA902B189398DFFF80600EC01A08967067100F0A08961011EF806072E61A889C41007B1896C31FB225C8F00004B12B0A161011EF806022E46FBE2B8900000B189FE61EE754F9F50EFC3EFFBE2B8900000B189FE61EE58EE610E210303B1896612392001B189660239CA01B1896C31FB225C8F00004B123C2200F80600EC01A08167047100D8C70127A2023C8B003E0500F90204C0FC9B01A90106A1090108611124083E0100389E003E0200A8816211A902FD611206A10802086012A08AA8896101270DA8897551FF2A06F806010CF80600F9
:FFCA0A00EC0161012067A8896211A882FD62216C11A902FC2312A10AA909068501082514A8896211A089A8897551FF2B073E01002E42A8898689FBE2B8900000590127FE61E1C5011B0AFBE2B8900000590127FE61E1B291610121030359012763B1FB228B5E00004B12C5021B040C3E0500E5000501A809A189670A6080A009B8817621000F68818009B00961412316711EF8618E230B6171210F3C02012E0D3C0202083C02040C3C0200C5000203B089670260808189818266110596A0FFB1896101213CEF03664266E10575A2FFFBEE140008B181ECEF7B1F6D117721000002571FE3EFEF03663266E10555A2FFFBEE140008ECEE6CEE69FE610E210303661105CE02
:FFCB09009FFF6702604080898082B08961012122FBEE2C7308B081754FF050EF64F1571FC3EFFBEE2C730866FFFC30EF1C036701670160408089B08961012125FBEE2C7008F1E801FBEE2C7008F1E802FBEE2C7008F0E8FBEE2C7008F5E0021C0367016701604080898082B08961013B7F00B0816101201275412D0597A0FF75412E0590A0FF2E1075412E05A8A0FF75412D05A1A0FFB0816101202775412C0573A0FFFBE2B8900000B089FE61EE58EE683E641E611E212D75412F0557A0FF2E2475412C056FA0FFFBE2B8900000B089FE61EE58EE683E641E611E1875412F0554A0FFFBEE057208F4E61C03670167016080F80600F80E000003EC01753132E301EC01B0
:FFCC0800A00967026080A009F806006601670260C08289B28975111CFBE2BC9000004B1EE4E001B28975111CFB22BC9000004B12D5200401B28975111CFB22BC9000004B12C5200E01B289EF1E751E1CFBF2BC9000004BEFB80A06C5F206287875111CFB22BC9000004B12B42161012044B00961112118B809A80AFEC211FBE2B8900000B28AFE62E2A0292E36FBE2B8900000B289FE61EE624EB0096121A8091AB80AFED21FE3EF2E19B80AFE621FE3EF2E10FBE2B8900000B289FE61E13E1100B28975111CFB22BC9000004B129921621191216703FBE2B8900000FE61EEF0EDFBE2B8900000B289FE61EE58EE683E641E611E2112FBE2B8900000B289FE61EEF1E232
:FFCD07000F670367037100EC8489B48975111CFB22BC9000004B12E5200103B48975111CFB22BC9000004B12D5200505B48975111CFB22BC9000004B12C5200E09B489FBE2648F0000FE61E1A009B48975111CFB22BC9000004B12B3A961012039B20961112112B90906890103FBE6FFA80AFE01E22E23B2096121A8892110B90A6C124B126022A809D3212E0DB90A6C224B126042E10201B48975111CFBE2BC9000004B1EB90906C5E1063BC600FBE2B8900000B489FE61EEF0EDFBE2B8900000B489FE61EEF0EFFBE2B8900000B489FE61EEF4E33B9C00FBE2B8900000B489FE61EEF0EEFBE2B8900000B489FE61EEF4E6210303B48971112E05CCA2FFB4896C31FB21
:FFCE0600225C8F00004B12A8297401000000102017B4896C31FB225C8F00004B12A829610115F806010CF80600EC0161012041B4896C31FBE2D89000004B1EFBF25C8F00004B1FE3EFB4896C31FB22D89000004B123E2100B48A6C32FB125C8F00004B21A81BFB12D89000004B217F13670567056EEF6E156040FB12BC900000A9916101212CFB12B8900000EC11FB22648F0000E11201FB12BC900000991A6212911A66013965FE62406F156FEF7F95FB125C8F00003976F9FB125C8F000039D3F9FB125C8F0000A8197401000000102011FB125C8F0000A819610115F806010CF80600EC0161012031FB12D8900000FB225C8F0000E312FB12D89000003E1100FB12EB
:FFCF05005C8F0000A81AFB12D89000007F1262406F156FEF7F9562406F156FEF7F956EEF6E156040FB12BC900000A99161012160FB12BC900000B91161012110FB12648F0000FB2E808308E12101660139C6FCFB12BC900000A9197C11204FFB1E808308F413210EFB12BC900000B91161212906F806010CF80600EC016101202DFB12BC9000003C1F0162406F156FEF7F95FB125C8F000039CEF8FB125C8F00003953F862406F156FEF7F9562406F156FEF7F9560C08289FBE2B8900000B289FE61EEC5E0030A3E0106F5000A2018A80961611C3E0103FBE2B8900000B289FE61EEF1E803F5020A203EA8096161FCDBE0F5040A201E610E143E0105FBE2B8900000B263
:FFD0040089FE61EE7541AB51E103C7E1032E16610E143E0102FBE2B8900000B289FE61EEF1EA03F5030A2018A80961611C3E0104FBE2B8900000B289FE61EEF1EB03B2896C31FB22D89000004B12E5020101FBE2B8900000B289FE61EE58EF752F1FC3EFFBE2B8900000B289FE61EE58EE610E210303FBE2B8900000B289FE61EEF1EA0FB28971112E0540A0FFB2896C31FB225C8F00004B12A8297401000000102017B2896C31FB225C8F00004B12A829610115F806010CF80600EC0161012032B2896C31FBE2D89000004B1EFBF25C8F00004B1FE3EFB28A6C32FB125C8F00004B21A81BFB12D89000004B217F13670367036EEF6E15660139BCFE6F156FEF7F956085
:FFD10300C08289FBE2B8900000B289FE61EEC5E0030A3E0106B2896C31FB22D89000004B12E5020101F5010A3BAA00FBE2B8900000B289FE61EEF1EA0FFBE2B8900000B289FE61EEF0EEFBE2B8900000B289FE61EEF4E6210303B28971112E056B9FFFB2896C31FB225C8F00004B12A8297401000000102017B2896C31FB225C8F00004B12A829610115F806010CF80600EC0161012041B2896C31FBE2D89000004B1EFBF25C8F00004B1FE3EFB2896C31FB22D89000004B123E2100B28A6C32FB125C8F00004B21A81BFB12D89000004B217F13670367036EEF6E1566013925FF6F156FEF7F956E69EF38EF165C89EF27F08FEF8105210000604076298000D389FB4661
:FFD20200FFF80600EF61EF72EF830579050062403F69046E68663EEF16FB76FF06E00C1E203388E96101272DEF6105D604005C6EEF187C6E17A86905C40D003E610088E9057D95FF610113EF78EF6105530600EF812E13EF6105490600EF71FBE2688F0000F8E6093F68036E67EF16661EEF21EF37EFE2EF6405B803004771EF61FD74F1003F6702604071040CE3046040A88BFB2228910000F80600FB1269D2F9FF0549060062406701EF1EEF3F7F8FEFE14BF1027EA6EF166040710410E3046040A903FB12A8D2F9FFF80600EF62051C0600624061012707660EFE061E3F66026103EC1E18601EE31EEF210258EF610F1DFB16FF0271EF01E31F58E1026080710410FE
:FFD30100A009FB12DFD2F9FFE3046040A903710208F806000545080062406702581E5B25711F01475E11610EEFF121F26601026E6D60806606EF37A00AEF1D581CFB221904F8FF711B01FEC2CE7C6E2017EFB1EFD2058D0C0062166101EFB120E0660C38AE01755C2B200C755C2D176606E3062E1C4BD66216EF61EFD205650C00755C2DFCDB206101E30221D6EF616107EF162145586E66A7755E302173716C01EFC1EFD2053D0C00610121B6B06FFB121904F8FFFEC17E7C0E147177207557786687214A6226EF61EFD205170C006101754710218D2E397557102134586E755E30212DB069FB221904F8FF716C01FEC21E7C0E147111207551781D6226EF6CEFC1EF47
:FFD40000D205DE0B0061013B57FFEFC6717EFE755E22250538D80061B72906717E560C717E2F586FFB121904F8FFFECF15FD74C5071E660C38D1007C051471FF205BEB47BF2AF1660AEF6C58CE621C755E302113EFC1EFD2058B0B00621A61013B02FF2EE866094B6AEF98EF9CFECA9EFB121904F8FFFF269AFECE1FFD74CF0720627C0FEFEF1471EF2047BF2A566108213EFB621904F8FFFEC6EF7C2F210C7C0F1471EE2071EEA90C71EED0610C201CFF3F7CEFF5FC277547C51566182E11EC06FC3BE5436F475F24F34F7C4BECFF219A6211EFD2050E0B00621961013B85FE2E8D61082119EC016101201F7E1C2E1BFBC2688F0000F8CAB004383CFFFBC2688F00000A
:FFD4FF00F8C622FBC6FFA809610115A809E316EFC13F6D0A66A3660204DB0800582E7EA6EF26610E2026586205F6FDFF6101201A711E01716F01FD38F56105200FFD38E4474520F462112EE066013F6601FD7CC40000FF20376605660F660E7DF4220E4742250A62156C137E5426F64331FC034222094B31FC0B427FB07E5E7E5F68147E43601526E8EFF2EFE102610420106D04FD903E57E46D037545102EBDFD7CC30000FF12EF3466037545202EAD61021E6101213102EF24EF15FC2734EF4E4F3443426D0269055725EF52FC2735EF5F4F3543526D025F115721FC27316D0F57F1EFE202FC2731026E15FB42EC10F8FFFB520411F8FF66022E10FD2A41FD2A43473D
:FFD5FE0013250643137F88474524F0FB42C810F8FFFB52EC10F8FF2E13FD2A42FD2A43FD2A414723250643237F8F474524ED6F15026E6DFF362360406106EF47E302FD74E300EF1D3ABB00EC0161013AB400660C66AB661AEF69FF28CD6109206DA8F906857105230CEF71051B0A006101275B5C7E66017CAE20136119EF81EFB2EF937F80FD74F10160111CEF9E0EFF0E8A4B1EA97AA8FB433247E222066601EF2EEF1FEF31EF82EFE37F8FEFE843E94BEC06897803E7780306817801610F209BEF7105450000610120910B66085C7E7CBE201861082114ED7803EF71068178010527000061011B6608FBEA000C06E00C7E15E577030543964386EC02EF61FC27210BF6
:FFD6FD00EF313F6D096E6A711600FB76FF212B6606FB8268890000EF6AFB922010F8FF0684962861EC8161011239DCFF61012604EF7A624862162EE95C6E660A7CDE2045ED6A016609A8EBFF229A4732222588E94323057B90FF61012B064B192EE9ED6A01EF71E76A03E76A05E76A0BF161012E13ED6A016601E76A03E76A05E76A0BF16D010BEFA13F6A056E68713600A905EF2EFD74E600EF1F3A9B00B0E7FB222410F8FF5C68754348EF617F8F80E7716144A06976288000A0E9A161A2E1A169A2E9A1E1716124A1E958E3755372FD74E3012015755377FD74E31A200C755361754316FD74F3005783FD74C303D363FB82688F0000210FEF610521FAFFF8861666B7
:FFD7FC00012E34621EFD38E77557621675572B211A7557625F37187C57211078530864376137176533D3632EDE610F210C6104272180ECEF612E2761055F32137862755555EFF1FCDB3005CD0E00610180E926E5EC87EF6105C5F9FFE38766013F68036E67FBE22010F8FFFB7268890000ECEE660647E6222CEC71610120135C1F610F17624762162EEDF8197FFF2E14754148053212006101200CE37180963D10800B66013F67025C1E7C7E211F7112443C13FFA01AA09AA112A292A11AA29AA192711224F81500A19A02660FFBE22010F8FFECEEFB526889000047EF220F068451176245621F2EF4F8560005190700026E6D72006CFFEF36A58171014CA58AEF42053A
:FFD8FB00450E00ED012E72078C00F9062100C7018FFB82BC910000FB920904F8FFFBD26C10F8FF586C610CFCDBB1755C25EFBA1C71BAFF610A2B1AAD89EF62AD84EFA37F146101A5893A070206890A21E70A214B6B755C253BFD01610C3E8F00FCDBE14BE6660CEC8E716501586FFEDFEE7C5E201663ACEF564BFC71CCD0E70C1F760CE7032BE2EF56FD386E755E2419601C760CE6032507EFB63E8F00660BEF6CE70B1EE70B1DE70B1CE70B1BE70B1AE70B19F9049020D70B4658C2EF910568F9FF6101201F4391614124106C214BD1DC1106550146D701460CC4C090621B621C2ED958CE755E2A2120ED0C1371C104A489ECCC610CE70C2226097E1CE70C22F0724B75
:FFD9FA006B621B2E334B6B660EEFE6F9062200FECBEFFF24EBEC85FEDF557C5520187406FFFFFF7F200C63A64BF67166D0E70622621E2EDDEF4B58BE755E2E214259B60175562A2111AC8E622B716C04E70C13E460202E2F621BF90620006606EC8E58BFFEDFEE7C5E201C7406FFFFFF7F200C63A64BF67166D0E70620621B2EE1F90620FF58B2FB626428F8FFEF610598F8FF610119660EF9048E002E0CFD38BE610EC70E8E210F58BF755F7618C70F8E621BEFFE755E681858BF755F76204A755E761858BF755F68203F755E6C1858BF755F76202F755E761858BF755F6C2024755E68210E58BF755F681FF9048E622E1C755E6C211958BE755E6C2112F9048E710AFC
:FFDAF900F9048E570DF9048E77621BAF8E61062B1C6016EF0CA78EEFC1AC8A052B0C0058B3710404710150EFC22E0D58B371040471024C7101500549070061012112710204710150050A0C00621B6101260AFB16FF2E0D610C16EFB638CDFDED01213F6D2D6E6D7100D0EF36EF43A081A08A710110A00BEF3205D10B00AD09FBD2BC910000A10EFBCA4401C7012BFB16FF661B3E0600660AE3015869ECDE6109FED9EEFCDB71FC33EC214B755925EF7821237178FF2E1E61082769A981EFA2EFB36211A181A889A8847F14FD386EEF1247E11D60182EE2A98660167502FFA18611A8896603A8867F16EC06EF61FD7441003F6D14A986EFA2ECD8EFB36216A186A889A8F1
:FFDBF800867F16FED18EEF12FC33EC21E6A98660167502FFA18611A889EFA3A8867F1606890705755925A10F3BC201F9042C20F90428005872FB621304F8FFEF6105E8F6FF6101201DFB621304F8FF47611EF904282A0EA90EC4602CA90F6217A10F2ED5EFA63E0800A90FECDE587FFEDFE57C5520187406FFFFFF7F1263A64BF67166D0A2066217A10F2EDF755F2E214C717601A10E59790175592A2111A80E6227E460096246A10FA00E2E3766073E0900586FFEDFE57C552027FB92C9999919FF05F947572506FB76FF0863A74BF77177D0A20F6216A10E2ED9F90609FF0BEF675872FB626C28F8FFEF61053DF6FF610119660EF90429002E13ED0E0571E601A10EAC
:FFDCF70058EE610EC70E292113A90E586F755F761AC70F296216A10EEFFE755E6818586F755F76204A755E7618586F755F68203F755E6C18586F755F76202F755E7618586F755F6C2024755E68210E586F755F681FF90429622E1C755E6C211B586E755E6C2114F90429710AF90429570DF90429776216A10E5862FB627328F8FFEF6105A7F5FF61012130A986EFA2ECD9EFB36216A186A889A8867F16FED19EEF12FC33EC21E6A98660167502FFA18611A889EFA3A8867F16710108056A030061012B21EC06610626066606E306590E2A610E17EC066216E306A90E6216A10E38BCFDEC0661062706EC06EF612E0F6109EF763BA9FDEC01FD7441003F6D146E6D60C031
:FFDDF6006606EF37A082EF1D581CFB221904F8FF711B01FEC2CE7C6E2019EFB1EFD205CB010062166101EFB120E0660CEFC13F6D0B755C2B200C755C2D176606A00E2E1C4BD66216EF61EFD205A10100755C2DFCDB206101A00A21D4EF616107EF162145586E66A7755E302173716C01EFC1EFD205790100610121B4B06FFB121904F8FFFEC17E7C0E147177207557786687214A6226EF61EFD2055301006101754710218B2E397557102134586E755E30212DB069FB221904F8FF716C01FEC21E7C0E147111207551781D6226EF6CEFC1EFD2051A010061013B55FFEFC6717EFE755E22250538FA0061B72906717E560C717E2F586FFB121904F8FFFECF15FD74C5079C
:FFDEF5001E660C38AF007C051471FF205BEC47CFE30C2AEF660BEF6C58CE621C755E302113EFC1EFD205C50000621B61013BFEFE2EE84B6BA80E6609EF98EF9C706AFFFFFF7FFECB9EFB121904F8FFFF269BFECE1FFD74CF0720527C0FEFEF1471EF2006840F2A456108212DFB621904F8FFFEC6EF7C2F210C7C0F1471EE2071EEA90C71EED0FF0FEAFC277F47FC250566180D4F7C4BECFF219B6211EFD205500000621961013B89FE2E9D61082117A8096101137E1CA88161013A77FEA881E3163870FEFBC2688F0000F8C622ED0C01610CFBC2FFFFFF7FFD70FC000000802ED7FBC2688F0000F8CAB004381AFF581E610E2017432176010002290F6611FBE2688F0019
:FFDFF40000F8EA50040266010261017EA6207C7112F8EC2E618E2373FD74CE07216DFB32C4910000A83C6104202D47422329713F04ECF4A84D714F0447252206610521F3EC4FFF26F447622342472621104BFEEF42E34E2E17A02CA03A2E116105114B1E608E47E52325A02DA04AA8296101201BEF2E0688EE471E2112F83600A829EC2E06881EE32EE51201013F66016E67A89AEF1666070685120522053886005C6EFB76FFEFEF772F029000612F2166762E0060760E0060211206856202230CEF61054FF6FF6101215B5C6E7CBE2132716744068567012129FB1A000205EF09006101A069210CA06FA0EF6217A0E72E11F066721E0002A0E9E76E02A2E1A2E96601B6
:FFE0F300E5660104E5660205DC6E763E0060D36E2E137CFEFBFA0042FD78FF000257FED36EEF713F67026E67A89AEF16F9142200582E755E253A0A01755E41206771EFBB613F2360755E533AEF00755E582043755E5BFBF6FF3A2501755E612047755E632039755E64202B71E59B61352336755E69201F755E6E203671EF91612F2313755E733AB800755E7510755E78660F21266602EF61058D0D00096602EF6105ED1900096602EF61051F12002E0C596E20610E17661FEFF12E37596E21755E622031755E68205D755E6A203D755E6C200E755E712033755E7414755E7AA8E1711204A0E2EC1E610E20CEE16E0466112E16A8E1711204A0E2EC1E610E20BAED6F0476
:FFE1F2006611C3EF2E1BA8E1711204A0E2EC12610220A4ED6F046611E32F6BFFE72F012E16A8E1711204A0E2EC1E610E2089ED6F046611D3EF2E45F964216C6612385FFFED6F046613A8696602EC6E621FE76F047F1E755125EF173A5CFFED6F04601F7507FFE76F04200CA8696603EC6EEF727F1E7507FFEF71FD74F10009EF61EFF2050C19003F67026E696040755325EF3EEF15754F253A760475534175412D75462075472B3A07027138BB6138220538FD01755353FB86FF3AC9037553583A55017553613AE801755363205E7553643AB00071399B6139220538D3017553693AA00075536E3A250275536F3A28017553703A61037553733A8E037553753A160175F4
:FFE2F10053783A1001A959FE041FA9596211610EA1591D66012E0FFE041E6601ED5F05621FE75F053F6905595E3E755E6C660E212B660EAAD961012713EC2E71EF04E32FAAD9DCEE6011A2D92EEBD30EEF02EF513D0100F9560CFF385A03AAD961012713EC2E71EF04E32FAAD958EE6011A2D92EEBED5F056601FE04FEED5F052EA3ED5F0B59533E610F273475536CEC2F20177553711675536A210E71F308E323EDF301ECFF2E0C71F304E323ECFFFDBFF3E35FA05BAADB6013A2DB2EC67553681DDC5F2E147553621DCC5F2E0C7553741575537A1AEC5FFDBFF3E35FA05BED5F01610F260DED5F05715314FE04F12E1EBFD17C1121107C013AA500A959715314FE0466
:FFE3F0001609A959715314FE0417EC3F621FE33F388B00AAD9595F3E61012733755F6CEC212015755F7116755F6A210C711F08E32FA81EEC1F0A711F046606E32FEC1FE35FA05EED5F0B601FE75F0B2EC8755F681D5C5F2E14755F621D585F2E0C755F7415755F7A19EC5F6601E35FA059BFD17C31202AEC5F06955F012022755E7816755E582119A959754F30FE041FA9596211A159FE041EA9596211A159EF51EFE206895405A154050D0E00386BFEED5F0B610F2715EC2F71F304E323E0F5ED5F0B601FE75F0B2EE85D5F017CFF211FBFD17C1121107C012024A959715F14FE04162E14A959715F14FE04170AED5805715F14FE0481ECF36213E3F3EF51EFE2068942
:FFE4EF005405A154052D0600380DFE595E3F610E3BF000595E3E755E622043755E683AE600755E6A207A755E6C3A0401755E712056755E743A9400755E7A3AAA00660EED5F0B610F2605380301EC2E71EF04E32FED5F0BECEE601FE75F0B2EE5660EED5F0B610F2715EC2E71EF04E32FED5F0BECEE601FE75F0B2EE8610E3A86006601AB5DC3E52E43660FAAD96101272CEC2E71EF04E32FAAD9ECEF6011A2D92EEB660FAAD961012713EC2E71EF04E32FAAD9ECEF6011A2D92EEB610F20476601AB5DE3F56BF5E7F5012E3C660EED5F0B610F277AEC2E71EF04E32FED5F0BECEE601FE75F0B2EE8660EED5F0B610F275EEC2E71EF04E32FED5F0BECEE601FE75F0B2E8F
:FFE5EE00E8EF812E28660EED5F0B610F2715EC2E71EF04E32FED5F0BECEE601FE75F0B2EE8610E20DE6601AB5DD3E5388F00660EED5F0B610F2715EC2E71EF04E32FED5F0BECEE601FE75F0B2EE8610E20B5E15E0D38C5FC660EED5F0B610F2715EC2E71EF04E32FED5F0BECEE601FE75F0B2EE8E35E754278EF513E510006895405A1543827FEF9543E6C595E3E755E6C212F660EED5F0B610F2715EC2E71EF04E32FED5F0BECEE601FE75F0B2EE8610E3A54FFEF51EFE205200B006BF12E64ED5F0B610F2716EC2E71EF04E32FE4E504ED5F0B601FE75F0B2EE7ED5F04610F3A25FFAB54610426116602EFF1EF83FB46FE7F8043342E1761146602EFF1EF437F80FD10
:FFE6ED0074F10160111543F1EF14A1DC380BFCED58056601FE048FED58056218E758053F6905EF2EFBF28410F8FF643E7C22FE6EFE13785E7C3213784E7C4213783E6103FB3AB601EFE2FD78F3800105E07FFFCF11026040E312E30267016E6CAB96EF27BF93EF18EF69754A2006811905068119060681190706811908068119090681190A7C833B6C027C933B1D027CA33BD3017C23FB621905F8FF214361092B3FEF9B610B2B39755B20EFAC2404EFBC755B20240A610B2A06EFBC2E1FED8103EF62ED8402EFC37F146101E781033A6E02EFC10689810DE7810D43CB2EC7ED830561032B1EED8103EF72ED84027F146101E781033A4802ED810D06898105E7810DEDDE
:FFE7EC008706FBC23A05F8FF61072B3D61072B39755720EFAB2404EF7B755720240A61072A06EF7B2E1FED8103EFC2ED8402EFB37F146101E781033A0302EFB10689810DE7810D43B72EC7ED830761032B1FED8204ED8103ED84027F146101E781033ADC01ED810D06898107E7810DED870861072B3D61072B39755720EFAB2404EF7B755720240A61072A06EF7B2E1FED8103EFC2ED8402EFB37F146101E781033A9D01EFB10689810DE7810D43B72EC7ED830961032B23ED8204ED810306898207ED84027F146101E781033A7201ED810D06898109E7810DED870A61072B3D61072B39755720EFAB2404EF7B755720240A61072A06EF7B2E1FED8103EFC2ED8402EFA8
:FFE8EB00B37F146101E781033A3301EFB10689810DE7810D43B72EC75D811E7C211561092A076601381A0161092BF9755920EFAC2404EF9C755920240A61092A06EF9C2E1FED8103EF62ED8402EFC37F146101E781033AE900EFC10689810DE7810D43C92EC761062BBEFBC29D05F8FF61062BB4755620EFAB2404EF6B755620240A61062A06EF6B2E1FED8103EFC2ED8402EFB37F146101E781033AA400EFB10689810DE7810D43B62EC761062A053877FFFBC27C05F8FF61062A05386AFF755620EFAB2404EF6B755620240A61062A06EF6B2E1EED8103EFC2ED8402EFB37F146101E781032059EFB10689810DE7810D43B62EC561062A05382DFFFBC25B05F8FF61FB
:FFE9EA00062A053820FF755620EFAB2404EF6B755620240A61062A06EF6B2E1EED8103EFC2ED8402EFB37F146101E78103200FEFB10689810DE7810D43B62EC5FB16FF3F6C07FBE2C0910000ECEE610E137F1EFBE2BC910000ECE1026E69FB72C4910000FB82AC10F8FFEF16EC7E610EEFE12116717104EC1E610E20340684E62554624EEFE12EF1EC1F610F200D0684F62543624FEFF12EF1ECEE717104EC1F47EF200D0684F6252D624FEFF12EF1EC8947692204EF69EF91050D14006101194769201068192EEBE3196281054BF5FF2E9C66013F69047EA671160F7526F84716255461012050618622046686EF61396DFF61012041EC1EECEF608F476F2207E1E1014C
:FFEAE9002E15FF2F6EE31FE5EF0101ECEFEC15436FE35FE3E6EC1161011C660109A81A6241610220F7FBF2C4910000E3F1EFE162810B66013F66016E6D7100C0755261FCDB60755241FCDBE057E6E41005A08AA0812126A881AB1161012609A8813E1C062E1761012113A88975516717A8897551471EA8813E1C01A882710112050C1A0061212118A886F1603DAB610685610E2A05389703A886A3E12E2A61012B29660EA886FC850E05BFE6260578960B78A6A8819796AB160685160E2A05386D03A881A3963F6D18FDE0F661062121A88CA882755461754478A923FD74F458F83430803C6223A92CA1236224A12C6101210D660E3D0900710D18381D0361063B4F018A
:FFEBE800ED0E02FBC28928F8FFED0D03FBF27828F8FFEDEE0C755D61FC4BFC610E2606754E210B621EED0D05A881FD721D00000000EC112605FDFFF1DD0D09DFEBA109660A604D3C8800D70D09710D1975491C6678EFB7EFD6717E02610E2B72FC871A266D710114EF92051F1900A909717EFBFC971F610E2B0AFC47FEFC83E1A109716E066615EFA47143067142FF610F2B1661032716EFF464F4C3E4601E62156A4FEF242EE46274EF436013660E61032710FF04E24B6460133C4700621E2EF0FF0EE8435E4B6E628E6077EFE62E8B43D647B62804EF6BDFBE610E275D476E280F7101184BE1B01966FF61812804660F710518FF24E571E3FF584B47FB19601E60136B
:FFECE70060142EF561FF1D621BC34B6103260EDD0D09621E624DD70D09EF5DDFEEFF2FED601F71E5FF6105270F58F46015FECC44C3F4601F2EF1A881AB116101270538D801DFEEA88271E1FFA32138CC01ED0E05FD721E000000002608FDFFFEE70E05DD0D09FBF29410F8FF761D9775FD7C8DA08601604DD70D09DFDD610D2622663543D57525FCFC075DD70D0961052B3D7C0517FC8CFEE70E05624F6A152EEF610D2B2AEFD17521FC9209772DFCFF00FB520000803F61012B0E7C0114FC8CF5624F6A112EF2FC935EE70E05A889ED0E02755166FCDB20755146FCDBF057F2EDEE0CFD74ED07A00A15DFDD62BD4BED61AD2B0466AD710E193C8830E30E660C661B66D8
:FFEDE600AAEFE9610D2B71ED0E05FC87EC2669608DFC97E1610D2B12FC471FFC83FEFD723E20BCBE4CE70E05719807EFCEEFB771EF0771E6FF61012B19610F2719EFA205411A007122306217C3826018EF6E2EE1628EEFEF601F660E610F2710FF01E64B91601F3C1830621E2EF0FF0EEB437E4B9E71EE102E8DEC0EFBF6FF9A09710D1843E962196271EFD26019592E01621F712D01755E3020F1A80B43F1ED0E029209FDE0F36103EDEE0C1FDF1562152E13A88D75556517A88D7555451C66150B66054BE5DF5E47E9EF952904EFE5DF5E610E2747479E2815EFE34BF37105184B53B03B75453975533528057545307104184B4FEFE4FECF43714CFF47531F601EEF7D
:FFEEE500C42EF37555391E6213FE0F43610C260A6211621E9209EF2D9A096040A902EFD3D301DFE4A88905BC0F0062403F6D186E6DA9937100D8EF26EF1761032A09FB32FEFFFF7F0B6013A17BFB26FFA971A00A62116103A171FB16FF270CA8796613EC7E66027F1E75512B1275512D16710D082E248201710D09A9796011A179A97262126101A172FB16FF270CA8796613EC7E66027F1EEF1CA8F9FBB2D505F8FF5812EFB10596E3FF43B1755C30660BFBE2DD05F8FFFECE11E3012179ED7B05601BE77B05ED7C04621C610BE77C042609FBB6FFEFB12E0CA8796613EC7E66027F1E75517816755158213CEC0B610B10EC0B755B102130ED7B05754C10E30C601BE726
:FFEFE4007B05ED7C04621C610BE77C042609660BFBC6FF2E1FA879660BEC7E6613EFB27F1E2E0FEC0B610B661B1F668C661BE30CEF1CEC01610116EC0161A11C66AA09EC0A618AFD74FA166609EFC17551302127ED7B05601BE77B05A9716211610BA1712710A879661BEC7EEF92EFB37F1E2EDD661BFB16FF610B17754E30FD20DE710C27FB92BE05F8FF6608EF127502FF2040611AEF91EFA37F80FD74F1016011203047CD2205FD20D2ED7B05601BE77B05A9716211610BA1712710A879661BEC7EEF82EFB37F1E2EC4FB16FF661BEF12A971EF2C6011750CFFA171200CA8796603EC7EEFC27F1E610B2118710E0847EDFCDB10750CFFFCDBE053E1FD74F1FF2E115E
:FFF0E300F8D400597E20610E116616A00EA8092E3BA8F9581E755E6416755E692173EC03660271010805D21600597E21F9742201755E6221796106214DA8F6716204A0F2EC6E610E20C9C3E166112E176106213BA8F6716204A0F2EC6E610E20B2D3E166112E196106210FA8F6716304A0F3EC666106209BE3616611A06A096106204DE36166110DC36166110DD36166112E4FEC03660271010805A81500F9742201A8FB583E755E7020D6597E212E86755E68209D755E6A20AF755E6C20C2755E7120A5755E7420B8755E7A2EB3A8F6716204A0F2EC6E610E3A38FFE3E166113F6D126E6DEF167100B0ED680CEF27ED690E056A13006108660AE70A01FBB2FFFFFF7F03
:FFF1E200E30AD70A022704EF8BBFE2EF184B98FB96FF7C221E755840240A7548407101102E0DEF8105B7F8FF61013A9100EF1C610B2B5F5C72EF0371010805D91200610127685C7E610E1D6011275FEF1D47DB2941A96AFF2E2D47E82218EF613E6E00EFC20504F5FF6101272766023E6500EF1AEF214BC1710208EFD37F8FEFD106896105A1695C7E610E1143DB62272EA3EF1A610A210CEF61EFC205CDF4FFEF1A610A1A3E6E003E65000BEF9A710E1047ECEFA912EFC10567EDFFEFA10BEF913F6D1C6E6DFB62E405F8FFFBE2F505F8FF7100E8755258FC4BE675526FEF176688200F7552781775525866A81C754810ED7901FDBF8B755264EC7AFCDBE1755269FCAE
:FFF2E100DBF1FC33FE21106109260C660EFF0AAEFC039EEFE9FF5E9A754C1819AB71EFCD61012016EFA1EF92EF83EFB405D21400FEC611754D178589EFA1EF92EF83EFB4052BE2FF71DAFFEF19FF5E2971AF01610E2023610D2B1FEF91EF83EFB4050EE2FFFF3E18EF0F43E9601DFEC69EFE0FAE601A2ED561882121BFF17C31201B755D17240CEF0EFECEFE755E30200C601DEF0E754F30FE0EDFEFC3A97143D3EF02A1FB4BD27F8FA9F9AB7247212809F17C3C43122E206102261EBFF27522147552102114ABF20681720506817206431261022B04A1F23F6D0E6E6DA9937100A8A082EF1661032A09FB32FEFFFF7F0B6013A16BFB26FFA961A00A62116103A161FBDB
:FFF3E00016FF270CA8696613EC6E66027F1E75512B200D75512D10710210E3022E268401710211A969E3026011A169A96262126101A162FB16FF276BA8696613EC6E66027F1E755130215CA9696011A169A96262126101A162FB16FF270CA8696613EC6E66027F1E755178200D75515810661D66AC38A503EC0CF8C430F9C40178622CED6D05E30C754C16601DE76D05A9616211610DA1612705387403660DFB16FF38780375516E1775514E3B8301EC0C754E6EEFCBFD20BEED6C05601CE76C05ED6D04621D610CE76D042609FBC6FFEFC12E0CA8696613EC6E66027F1EEF1A755A6117755A413B0E03EC0A71A902F9A40161ED6B05601BE76B05ED6A04621A610BE7EF
:FFF4DF006A042609FBA6FFEFA12E0CA8696613EC6E66027F1EEF1A755A6E17755A4E3BC800ED6A05601AE76A05ED6B04621B610AE76B042633FB96FFEF91ED6804EF1A6018750AFFE76804200CA8696603EC6EEFA27F1EEC08F984026E6238E308660C661DEFC8385105A869661DEC6E660CEFC2EFD37F1E75512821C3ED6A05FBB2BC910000ECBB601AE76A05A9616211610AA1612609FBA6FFEFA12E0CA8696613EC6E66027F1EEF1AFBFA3202FEDABEFC33EF21C9755A5F20C4755A292111EC09EFC8F994026E6239E30938EC04ED68046018750AFFE76804201DA869660CEC6EEFA2EFC37F1E2E11ED68046018750AFFE76804210D660CEFC8EFCDE30938B904A821
:FFF5DE0069660CEC6EEFA2EFC37F1EEF9BEFC8EFCDE30B38A204A869660CEC6EEFA2EFC37F1EEFB1EFC8EFCDE301388B04755169200D75514910660D66AC38DE01EC08754E69EF8BFD20BEED68056018E76805ED6A04621A6108E76A042609FB86FFEF812E0CA8696613EC6E66027F1EEF1A755A6E17755A4E3B7E01EC08718B02F984016EED6A05601AE76A05ED68046218610AE768042609FB86FFEF812E0CA8696613EC6E66027F1EEF1A755A6617755A463B2901ED68056018E76805ED6A04621A6108E76A042609FB86FFEF812E0CA8696613EC6E66027F1EEF1A755A6917755A493BD200ED68056018E76805ED6A04621A6108E76A042609FB86FFEF812E0CA836
:FFF6DD00696613EC6E66027F1E75516E1775514E3BC700ED68056018E76805ED6A04621A6108E76A042609FB86FFEF812E0CA8696613EC6E66027F1E755169177551493B9800ED68056018E76805ED6A04621A6108E76A042609FB86FFEF812E0CA8696613EC6E66027F1E755174167551542169ED68056018E76805ED6A04621A6108E76A042609FB86FFEF812E0CA8696613EC6E66027F1E75517916755159213BEC0B660C661DEFC8EF1AF9B40266623BE30B380603ED6B04601B750AFFE76B04200CA8696603EC6EEFA27F1EEC0BF9B40266623BE30B388BFDEF1AED68046018750AFFE76804201EA869660CEC6EEFA2EFC37F1E2E12ED68046018750AFFE7680464
:FFF7DC003B18FE660CEFC8EFCDE30B38AC02A869660DEC6E6613EFD27F1E610C2A096608EF1A3895026608755130212BED6A05601AE76A05ED6D04621D610AE76D042710A869661DEC6EEF82EFD37F1E2EDBFBA6FF661DEFA1610D2131EF8BEF127502FFFBA20606F8FF2059611CEFA1EFC37F80FD74F10160112049755B2F2A1BEC0D621BFD20D2E30D2E12EC08754A30FD208AE30866082EC56218ED6D05601DE76D05A9616211610DA1612710A869661DEC6E6602EFD37F1E2EA5FB16FF661DEF12EF2905DA0900AA994419212AEC01FD2019ED6905E3016019E76905A96162116109A161FB96FF270EA8696613EC6E66027F1EEF19610B213E6607EF917551302170
:FFF8DB002FED69056019E76905ED6D04621D6109E76D042712A869661DEC6EEF72EFD37F1E60182ED9FB96FF6018661DEF916108274DEF19EF9266097502FF2057611CEFA1EFC37F80FD74F10160112047755B30280BEC0D621BFD20D2E30DED6D05601DE76D05A9616211610DA1612720A869661DEC6EEF92EFD37F1EEF122EBDEC027549306218FD2029E3022EA9FBA6FF661DEFA2610D3A0D0161AC21117552652016755245201161AC3AFA00755270177552503BF000EC0AEFABFD20B2ED6A05601AE76A05ED6D04621D610AE76D042609FBA6FFEFA12E0CA8696613EC6E66027F1E75512B1675512D2134EC0AC7A101622AED6B05E30A601BE76B05ED6A04621A15
:FFF9DA00610BE76A042609FBA6FFEFA12E0CA8696613EC6E66027F1EEC0AEFAB660D755130212BED69056019E76905ED6A04621A6109E76A042710A8696619EC6EEFD2EF937F1E2EDBFBA6FF6619EFA1610911754D30FD20BD660DFBA2BC910000ECAEFED1EE7C5E2036618D2807FD20B1621DED69056019E76905ED6A04621A6109E76A04260BFBA6FF6619EFA12ECDA8696619EC6E6602EF937F1E2EBFEFBAEF12EF9DE30AA961EF2A6011750AFFA161200CA8696603EC6EEFA27F1E610D211AEC06710E1047E6FCDB10750AFFFCDBE053E1FD74F1FF2E13EC01F81400596E20610E116616A00EA8092E6B61AC2A116602710110EF8305A50700A0892E1A660271017F
:FFFAD90010EF2305960700A089EF826C2271010C05840A00596E21F9642201755E6C2119ED0E02610E212EED6E0271E104A0E1ECEE610E20B22E21755E4CA8816101210DA8E1711204A0E2EC1E2EE8A8866611E1060309ED0E02E10E0366113F6D1E6123660E252C591E01711501581F755E2D21135B2E47EF2407451E022524603362312EDE5B2E47EF20186013EF512ED2473E2011FD381F5B2547F515621E2EF266110B6601026E6D5913217100D06102A082A1836603A28BEF16E303A28395832706A0092E5FA8EF717101A0E9597D01755D5EFD74F70018717102A0E9B07FA00F581E755E5D1B621175425D055AD7FF6101186606A08E389E02A8EFEF1DA0E943B8
:FFFBD8007D612D2A0666012E1971D3FE717101611375422D7F80FD74F101601120E96611E301A9E161012A0FA88161016611FD70F1FFFFFF7FA169FB16FF596E20A089610E15A1092E19A8E1711204A0E2A98275526C210FEC116101A1093A3A02A1012E0DEC116101A1013A2D02A109610E2121596E23610E201AA8E1711204A0E2EC1161012605381002068561072204A1E9660C660BEFCAA9696011A169A96262126101A162260538C101A869EFB2EC6E66137F1E7501FFEF193AA501A88161012B17FB12BC910000EC1EFB1A4401FED9EEFC33E13B8A01A88161012668EC016101213AA8095B1E610E2119611DEF71EF92EFD37F80FD74F10160113A6301610E2086
:FFFCD70015611DEF71EF92EFD37F80FD74F10160113B4C01EC016101202AA8095B1861082114EF71EF92EFD33938FE61013A300161082010EF71EF92EFD33926FE61013B1E01A98175516C3BEB00710820710428FE08C971C90171011EEF82EF93058006007501FE204C7501FF3A8D00610121195D090F61092112FB96FF710120EFB2EF937F80EF317E017501FDFD74E1004BC8EF1A621C47CA2825ED6904EFB358826019E76904A869EC6E7F1E601C60182EE66179780A2442EF9C38DEFE596E20610E2127ED68076108186618EF8A38CAFEDD080FED0905FD2198F9642201ED6807E709056018E76807ED6806662AEFBC6018E7680638A3FEFBD6FE43CD660B66090F
:FFFDD600FD744DFF4BCD4B8C622D47DB2018A967EF9358C26017A167A869EC6E7F1E601C621B2EE85BAE610EFB66FFEF61FD74F1002E67596E20662A610E3B5DFEED6A07610A2020ED0A04FD20A9F9642201ED6907E70A04662A6019E76907383CFEE709030FEF91661AA089A9616011A161A8897501FF200CA8696603EC6EA88A7F1E5BAE612E2139A88161012033596E20610E12661EE70E03A8892E19ED6E07610E3A55FDED0E06755E6C1AED0E056611F8E50009ED0E046611F8E4002E19612E20D37C0EA88AFCDB117502FFFCDBE057E1FD74F1FF3F6D1461012A06660E2E0E05CD72FF7501FF660E13661E610EFD74E100026E6DEF167100F0EF21EF3DE301EF94
:FFFED5004705A103006107AA99BE84581E2A0A6617FBD29C28F8FFEC01755166FCDBF0755146FCDB50575F3B6001EC01DF4C755167FCDB50755147FCDB305735750CFC2913EF53FDE0F361031A06856C0C2805383801FDE0F561052127ED6F0C47F72809BFE17C311BEF7F601F2604660FE76F0CEC0F755F67754F65FD74FF452E14EC0F755F61754F7012EC0F755F411E754F50E30FFD38DFA9E9A962FE021FA9E9ED6F0C6211610FA1E92A095D6F1E7C3F200EED6F04FE0F1EA9E96211A1E9ED6F0C610F2B286017DF7E47EF2804EFFEDFEEEFD2EFE3068961047F8FEFE106896107A1E9ED6F0C43EFE76F08A967EF1DEC0F71DE01610CFE07DF2709754F2BFE0E7FE8
:FFFFD40009754F2D7E14FE0E7F71DC02EF41FF28C7660B710A0666A9DF1161012B0FEF9205720800FD20A2621B2EEF612B281BEC0475546510EC04755445210E4B7D754430FE0C74623DEFD8610B1F754430FD2084FC3BBE660FFB56FFFD744EFF4BBE621E47EF2017FF04FB7103064B34621FFEC454714430FD20842EE9A964068964074348E768093808016214610FDF44211BBFE17C311AEF7106A105610CA361AB614341A36126053E6C00A962A9EBFF213261042A5C754130FE0321A9E96211A1E9AB6261022A08BFE27C32200DA962FE021EA9E96211A1E9ED6E0CFC074F47FE2805FC07E4DF444B4E7E14477EA264E76E0C2804EFE7DF74EFD2EF430689610489
:02000004FFFA01
:FF00D300A26C7F8FED6E0C434EE76E0A38820047472830EFD2EF737F8F437406896707A1EFED6D0CA264610D2A08BFE47C34200DA964FE047EAA6C6214A26CE5660C0A2E4FEFD2EF437F8FEF41434706896107A1E9AB6261022A08BFE27C32200DA962FE021EA9E96211A1E9AB62DF7E47E22804EF2EEFD2DFEE4B42EFE3068961047F8FEFE106896107A1E9AB6143E1A261BFE1752114755110211EA9E9ABE20689610506896108068961090689610A472128064312A1E23F6D0C6E6A7100F0EF16EF27EF38EF49A08E71010C05800D00EF1A648A610914F896007A316111214FA88A6040F80601710404EF61EF73056E0B0062406101660E2024661F71050806A111BE
:FF01D2000E01471F2816621FFD723E286B6E4E06A011546245FC8B4E2EEAEF82EFE1068802A081EF93054308002E6A6121214FA88A6040F80601710404EF61EF7305FC08006240610166032024661E710F0806A1110301471E2816621EFD72330000804D06A011F5624FFC8B532EEAEC02710108A083054A0600A881EF822EA96131FBE2DC920000200D6141660119FBE2EC920000ECE1610AA08121030CFDFFF13F6A0966043816FFFB12CC910000026E6DAA0DEF17EC4EFB86FFEC56FB96FE5D4F036106FB62688F00003B860061026601210CF846003E410066012E6747312065FEC2155BFF610F212D7C752040EF5E762EE000755EC01875251F661F2E2FEF5E767C
:FF02D1002EF000755EE03BC90064F5662F6211EF5E2ECAEF5A762AC000755A803BB3005FEE6C6E75253F57E5601F5BFF610F21DF610713D3755F5E610E3D4300209B62112E0CEF915FEEE34E5BF290CA2E7261022070660AEF2B61033A7E005BFF61FF2A70FE6F5F610F2069621A760AEF0F2A6158B1FED1FC610C2058FD88CF64FF7CFC115BCD762E00FF57DE7CCC115FED688D6C8E57DE7CEC126101176013621B660A7CDC20B4FF012B610713D37E5FEE610EE34ED74F033A22FF472BFD74E1FD2E10F846003E4100EC5E5CE17621000F0EF86658EF812E0C5FEE5BF1E34E90C9EF913F6D086E69FBE264920000EF46ECEEEF37EF28EF19610E137F1E6040FBE224E0
:FF03D000920000E30EEF91EF82EF73EF6439A1FE62403F69046E6DEC4EEF37AA0EEF18610E21676108210CF8760066013E71002E11FD7CC280FF00210CEF81FD201243813F6D08FD7CC200F8001AFD862E753EC0661F09FD8C2E753EE0662FFC3BF5EF81FD201E660EFD7445FF4BF5636F6215606F475E20CBEF24FD60F47534807A64FD2014606F621E2EEB6108B8F920766609EF9AEF9BEF2C5B1E61FE2A7CFE6E6D610D207505C8000047912B6D621A760AEF0F2A655BCEFEDEDE610E205CFD88E164F17CFE115BEF762C00FF57FC7CCE115FCF688F6C8C57FC7CDE20185BEF610FEFEFFC4BCFFE089F5BFF6219610F2025660A762E0040610B1D610E209C90F9EF54
:FF04CF00912E10F876003E7100EC4E5CE17621000F2E12661B2EDBFB16FFFBE2688F0000F8E6583F6D086E69FBE264920000EF36ECEEEF27EF18610E137F1E610866092015FBE2A8920000ECEEFB9268920000610E137F1E6040FB4224920000E309EF81EF72EF6339B2FE62403F6904FBE220920000ECEE610E137F1EFBE2E65E000058E1027EA6FBE264920000ECEEFB6224920000610E1EEF613F66017F1E2EF904210300043604006E6D7100EC6104A104A082A08916A901F81600A889FBE2BC910000ECEEFB5A4401660FEF165861716401FED1EDA009FC33D517621FEF462EEEA80975512D200FA80975512B10754F2BE70F010906890F03621FEFF661131275BB
:FF05CE0053242A066103261CA88661061A660DEFDCEFD1EFC20AA886E106036602EF213F6D0D61032B1D7553102133586E755E30212C596C01755C782022755C58201D2E1D586E66A3755E302114596C01755C7817755C5866831E7543106226EF3E660FEF6B58B571B4017555301F621FEF4B2EF3FDBFECFB5224930000EC5A6609E30CFB821E06F8FF4B6FEF9DEF9CEF95FECF94EF81EFE3FF279FFE54A2611E7F80FD74F10160112021EC07EFD4FC1FE44FEC43814F7D4BDC4B5C5B154B54EF4DFD742C0062192ECA47762111A88561053A3FFFA885E105033845FFFF04B7FBF24306F8FFFECFEF43F4274961042A275B5FFF01FD6605EFC2FC0352471DEFCFFC03C9
:FF06CD002F2312EC04EFE30578CEFF43D143C257212020ED0C04FBE2688F0000F8E622610CFBC6FF1DEFCD2E1BED0D04F8D6012EF6A80975512D210C660EFF0DDEFC03CEEFECA88161013ACCFEA881EFC2E317EFD13F6D0D66043852FE6E6A60406102EF46EF171BEF02EF28FBE2BC910000ECEEFB5A4401660FEF79589A719401FEDAE2FC332517621FEF492EF0755A2D11755A2BFD74FA2B1F4B7F621FEFF9EF91EF82EF640506FEFFEC8E47E91DE387EF7E477EFBE2000000801EFF5F21212E7402000000802307755A2B20216111EF2FFC03EF2307755A2D2013755A2D210C660EFF011EFC032EEFE22E236106FBF2688F0000F8F62214F86601755A2D6601EFE26A
:FF07CC00FD74F1FFFD70F2FFFFFF7F3F6A066604384AFFFD7CC40000FF202B66057DF4220E4742250A62156C137E5426F64331FC034222094B31FC0B427FB068147E43601526EC02610420106D04FD903557546D037545102EC9FD7CC30000FF12EF3466037545202EB961021E6101212302EF24EF15FC27344F3443426D0269055725EF52FC27354F3543526D025F115721EF12FC27324F324321660202EF13FC23214F124323EF32027EA6FBE2A8920000ECEEFB6268920000610E1EEF613F66017F1E2EF96E68B81BEF17EF26FD873E5BE17551FF2117FD74C37F210D5C7E6611610EFD74F1020B66212E1261012110EF710569070061012B0666012E2361062B22CF
:FF08CB00754EFF431E476E2A19B87EFBE2DC920000ECEE7CF614FDFFFEE37E66113F6803FC071E476EB87AFBE6FF28145F1F4B6F6C7F77227F800057F2907A388A004B16716F17EF25787560167722008000755F185B512309907AF875002E9EDF6F750FF16605280B5C7571FF10D37166015FFF610F202A5C747E1FDFFF754310EF4643F3EF18FD60F6FD6238FD623457686105FCDB515754D378FD60F1EF455F5F57219079770F0080002A0F770F008000211B5C7F7C0F2015DC7F621FD37F5FFF610F1962119079EFE12E125F1F472F21F85C7E610EFD74FEFFDFE13F68036E67B82BEF17EF2668735B317551FF211EF87500754E7F06E10C6E01210D5C6E6611614E
:FF09CA000EFD74F1020B66212E1561012113EF61054A060061012B09F8750066012E19986AEF1E71EE82FB16FF7632003F77227FBF00906AD37E3F6702FBE228930000ECEE610E137F1EFBE224930000ECE1026E676040EF16EF27710102EF620581FFFFFC8C67980AE367EF61055BFEFF3F67036E6960406102E301EF363AC200FD7211000000003AB8006102FBE20000803FFBF2B010F8FF264D7E126605EF27EFE461452414610720107C0714FC8CF4624F621568172EECEFE2EF01FC93423993FF61012667610720636608FB921EB14F0A47782057EF01EF923978FF6101264C62182EEF61022B586605EF2961092B14614524107C0914FC8CFE624F62156A192EB7
:FF0AC900ECEF01EFE2394BFF6101261F61092B1BFB82AEC59D7461092B11EF01EF823932FF6101260660192EEF5F1E611E24106106FBE2688F0000F8E62213F060EC013F69056E6D7100CCEF47AD86A0836376A00A755623A0892B05754623A809660DF87600EF1E3E7100EFD1E301FD38EF755F301F621D66112EF3A809660CEFCFFBB26806F8FFFF2E1DEFCAFECEC9EFB1754316FF28CEEF927F80FD74F10160112027476A2B08621FE37F2E1543B1FB827F06F8FFFEC815710410FE04A5621A6618621CE3082EC605E9F6FFAA994419210DED08014BDC4B8C621CEFC8610A2117588E755E302110EC7E66116218E301601EE37E2EED6604EF8E58E2EFB17543167F51
:FF0BC80080FD74F101601171EF0161012029476A2A1B43B1FBE27F06F8FFFECE1E710510FE05AE621AEC7E601EE37E661E6214E30EEFFE2EC547A6281F710F107163FFFECF656185290AFEC3F56215FE03F5EC7FEF6A621FE37F71AFFF6605EFA371FD0161032B1A710C10FECCFC610C2110EC7D6013601F6215621DE37D2EE3475A210C710F106605FE0FD56213EC7FEC016C2F6101E37F66013AB100EF3F6675FD748F07637FFF0FF343F5EF5FFD748F07637FFF0FF5660FFCDB11710D10473F282EFF2CF5EFCBFD748B07637B43BC210F58D2FDC2164B766211A06A2E0CFE617C6C4C48DCFE217C621F621D2ED258EF755F7016755F5021534B84714F01B04A7552B5
:FF0CC7002B1175522DFD74F22B1D6224EF4F6604FB52BC910000EC55EF4358FDFEDD5C7C5C2017740400E1F505280963A44BD47144D0621F66132EE475522D1B7E140688746103E374FC4FFEEC0261021B6601A88261021B2E0EEC0261021CED0E03A882E32E3F6D156E6D7100C4EF47AE06A00B6396E30275562DA0812B0575462DEC01660DF87600EFDCEF1E3E7100FD38EF755F301F621D661C2EF5EC01660BEFBFEFBAFF2E1DFECEB9FB12BC910000EC15FF28BEFED9557C55201D476A2B08621FE37F2E0D7199D071050EFE05A9621A621B661C2ED205DCF4FFAA994419210CEC084BDB4B8B621BEFB8610A2115588E755E30210EEC7E6218661C601EE37E2EEFB4
:FF0DC6006602FEC82EFB12BC910000EC1FFF2528FEDEFF7C5F201D476A2A1371EED0710F0EFE0FAE621AEC7E601EE37E6212661C2ED247A6281F710E0E7164FFFECE6F615F290AFEC4EF621FFE04EFEC7EEF6A621EE37E71AEFF660FEFA471E30161042B1A710D0EFECDED610D2110EC736014601E621F6213E3732EE347FA210C710E0E660FFE0E3F6214610C66013AB300EF4E669FFD748E09639EFF0EE443EFEFFEFD748E09639EFF0EEF660EFCDB1171030E474E282FFF2DEFEFDBFD748B09639B43BD21105836FDC2194B796211E796012E0CFE617D63AD483DFE217D621E62132ED1FEC82E755E6516755E4521534B82712E01B02B75532B1175532DFD74F32BA4
:FF0EC5001D6222EF2E6604FB22BC910000EC2FEF4D58EBFEDBFA7C5A2017740400E1F505280963A44BB47144D0621E661D2EE475532D1B7E14068874610DE374FC4FE5610C1B6601A80A610221030A610C1BA885A80AE3253F6D176E68FBF2BC910000EC1EECFFFB3A44016605EF14EFE65861716701FED1F8FC3383176215EF762EF075512DFD74E1081175512B66011966014BE56215EF56586575556E1675554E2151B06D755561167555412159B0E575556E1675554E214EB0ED716E03755528166641388F00716504FB8A3202FB36FFFD38576213FED7F1FC331821F575575F20F075572921DC4B6362536641EF3E2E63755569167555492160B06B75536E11759A
:CE0FC400534E1566012E4CB0E37553661675534621F3B0EB6531716E03755369167553492131B16375536E1675534E2126B16B75536916755349211BB1E3755374167553542110B1EB755379157553591D6286EF6E610210E32E0D7801EF6EE34E3F6803B81AEF2375237F901B7722008000610315661E2E1A5C1E610E661E204C610321F25C13FBEEF1FF00901BF81500660F5F3575557F2A135C156C13621FFDC15468F5D31457532EEA901B43FE5F3F755FFF2B145C156CF3681F621E68155735D315EFF32EE975237F5723901BDFE102F4
:02000004FFFFFC
:7CFF8000FFFFFFFFFFFFFFFFFFFFFFFFFFFFFFFFFFFFFFFFFFFFFFFFFFFFFFFFFFFFFFFFFFFFFFFFFFFFFFFFFFFFFFFFFFFFFFFFFFFFFFFFFFFFFFFFFFFFFFFFFFFFFFFFFFFFFFFFFFFFFFFFFFFFFFFFFFFFFFFF5F6EF9FF766EF9FF4670F9FF8D6EF9FF4670F9FFA46EF9FF4670F9FF4670F9FF4670F9FF4670F9FFCD6EF9FF70
:04FFFC000000F8FF0A
:04000005FFF8000000
:00000001FF
